No,Table_Qty,Feederslot_Qty,Head_Qty
1,2,176,16
2,2,155,16
3,2,159,16
4,2,182,16
5,2,167,16
6,2,191,16
No,Name,Location_X,Location_Y,Location_Angle,Part_X,Part_Y,Part_Size,Reel_Name,Nozzle_Type1,Nozzle_Type2,Nozzle_Type3,Nozzle_Type4,Nozzle_Type5,Size_X,Size_Y,Machine No,Table,FeederNum,Nozzle_Using
1,C12062,21,90,180,37.7,13,490.1,AAZ00066,450,500,0,0,0,498,399,1,2,7,450
2,X12003,185,384,180,42.525,11.6,493.29,AAC00041,450,500,0,0,0,498,399,1,1,65,450
3,C12062,27,63,180,37.7,13,490.1,AAZ00066,450,500,0,0,0,498,399,1,2,6,450
4,C12062,246,66,180,37.7,13,490.1,AAZ00066,450,500,0,0,0,498,399,1,2,6,450
5,C12005,121,366,270,41.4,12.3,509.22,AAJ00053,500,550,0,0,0,474,391,1,1,44,500
6,C12005,252,222,270,41.4,12.3,509.22,AAJ00053,500,550,0,0,0,498,399,1,1,43,500
7,C12001,240,228,90,47.95,11.6,556.22,AAJ00013,550,600,0,0,0,498,399,1,1,84,550
8,C12039,433,365,90,41.35,14.3,591.305,AAC00047,550,600,0,0,0,498,399,1,1,153,550
9,C12066,136,138,90,38.35,15.1,579.085,AAC00048,550,600,0,0,0,498,399,1,2,48,550
10,C12008,422,117,90,45.05,12.3,554.115,AAK00054,550,600,0,0,0,498,399,1,2,149,550
11,C12001,435,231,90,47.95,11.6,556.22,AAJ00013,550,600,0,0,0,498,399,1,1,83,550
12,C12001,286,182,90,47.95,11.6,556.22,AAJ00013,550,600,0,0,0,498,399,1,2,101,550
13,C12067,33,352,90,39.35,15.1,594.185,AAD00049,550,600,0,0,0,498,399,1,1,11,550
14,U12000,93,222,0,43.096,13.631,587.441576,AAR00053,550,600,0,0,0,498,399,1,1,32,550
15,C12036,384,342,270,20.6,30.45,627.27,AAZ00065,600,650,0,0,0,498,399,1,1,135,600
16,L12012,185,109,180,22.85,27.65,631.8025,AAY00044,600,650,0,0,0,498,399,1,2,65,600
17,C12036,254,277,270,20.6,30.45,627.27,AAZ00065,600,650,0,0,0,498,399,1,1,134,600
18,C12036,447,138,270,20.6,30.45,627.27,AAZ00065,600,650,0,0,0,498,399,1,2,157,600
19,C12057,186,73,0,43.45,14.05,610.4725,AAS00061,600,650,0,0,0,498,399,1,2,65,600
20,R9029,343,53,90,60.95,10.25,624.7375,AAV00055,600,650,0,0,0,498,399,1,2,121,600
21,L12012,368,363,180,22.85,27.65,631.8025,AAY00044,600,650,0,0,0,498,399,1,1,130,600
22,C12036,372,116,270,20.6,30.45,627.27,AAZ00065,600,650,0,0,0,498,399,1,2,156,600
23,C9040,250,60,180,75.8,8.7,659.46,AAV00039,650,700,0,0,0,498,399,1,2,88,650
24,C12044,244,47,270,41.35,16.4,678.14,AAH00052,650,700,0,0,0,498,399,1,2,86,650
25,C12025,485,74,90,24.3,27.9,677.97,AAX00023,650,700,0,0,0,498,399,1,2,171,650
26,C12037,234,78,270,21.6,30.45,657.72,AAA00045,650,700,0,0,0,498,399,1,2,82,650
27,C12025,233,2,90,24.3,27.9,677.97,AAX00023,650,700,0,0,0,498,399,1,2,170,650
28,C9040,85,282,180,75.8,8.7,659.46,AAV00039,650,700,0,0,0,498,399,1,1,30,650
29,R9027,241,81,0,58.6,12.5,732.5,AAS00053,700,750,0,0,0,498,399,1,2,85,700
30,C12040,128,214,0,46.1,16.1,742.21,AAD00048,700,750,0,0,0,498,399,1,1,45,700
31,R9027,170,160,0,58.6,12.5,732.5,AAS00053,700,750,0,0,0,498,399,1,2,84,700
32,C12040,273,356,0,46.1,16.1,742.21,AAD00048,700,750,0,0,0,498,399,1,1,44,700
33,C12059,383,144,90,40.35,18.55,748.4925,AAV00063,700,750,0,0,0,498,399,1,2,135,700
34,R12009,46,118,0,24.675,29.5,727.9125,AAV00050,700,750,0,0,0,498,399,1,2,16,700
35,X12001,384,82,180,25.65,27.85,714.3525,AAB00040,700,750,0,0,0,498,399,1,2,135,700
36,C12056,368,399,90,39.35,18.55,729.9425,AAR00060,700,750,0,0,0,498,399,1,1,130,700
37,FL12001,180,183,270,27.9,27.65,771.435,AAA00023,750,800,0,0,0,351,268,1,1,90,750
38,R12007,120,149,0,53.45,14.65,783.0425,AAS00048,750,800,0,0,0,498,391,1,2,42,750
39,Q9005,245,74,0,64.15,12.4,795.46,AAL00040,750,800,0,0,0,498,399,1,2,86,750
40,C12045,443,381,270,38.35,20.25,776.5875,AAI00053,750,800,0,0,0,498,399,1,1,156,750
41,C12019,482,2,180,26.55,29.5,783.225,AAS00020,750,800,0,0,0,498,399,1,2,170,750
42,C12019,341,96,180,26.55,29.5,783.225,AAS00020,750,800,0,0,0,498,399,1,2,169,750
43,C12024,14,13,90,43.85,18.2,798.07,AAP00058,750,800,0,0,0,498,399,1,2,4,750
44,Q9005,480,182,0,64.15,12.4,795.46,AAL00040,750,800,0,0,0,498,399,1,2,86,750
45,FL12001,75,156,270,27.9,27.65,771.435,AAA00023,750,800,0,0,0,498,399,1,2,26,750
46,R12007,454,155,0,53.45,14.65,783.0425,AAS00048,750,800,0,0,0,498,399,1,2,41,750
47,R12007,153,250,0,53.45,14.65,783.0425,AAS00048,750,800,0,0,0,498,399,1,1,54,750
48,C12042,136,229,270,39.35,20.25,796.8375,AAF00050,750,800,0,0,0,498,399,1,1,48,750
49,C12042,370,59,270,39.35,20.25,796.8375,AAF00050,750,800,0,0,0,498,399,1,2,130,750
50,C12027,344,318,90,42.85,18.2,779.87,AAR00059,750,800,0,0,0,498,399,1,1,121,750
51,C12043,365,28,270,40.35,20.25,817.0875,AAG00051,800,850,0,0,0,498,399,1,2,128,800
52,C12080,268,263,90,30.75,26.45,813.3375,AAE00009,800,850,0,0,0,498,399,1,1,94,800
53,C12012,378,320,180,37.8,21.4,808.92,AAL00015,800,850,0,0,0,498,399,1,1,133,800
54,C12033,435,167,90,41.45,19.95,826.9275,AAX00063,800,850,0,0,0,498,399,1,2,153,800
55,C13063,390,317,180,22.7,36.8,835.36,AAS00021,800,850,0,0,0,498,399,1,1,137,800
56,C12043,315,88,270,40.35,20.25,817.0875,AAG00051,800,850,0,0,0,498,399,1,2,127,800
57,CN11001,175,37,270,8.743,96.096,840.167328,AAA00001,800,850,0,0,0,498,399,1,2,61,800
58,IC12000,239,370,90,44.15,18.2,803.53,AAB00025,800,850,0,0,0,498,399,1,1,84,800
59,D9003,148,369,90,58.9,14.35,845.215,AAV00040,800,850,0,0,0,498,399,1,1,52,800
60,C13063,229,19,180,22.7,36.8,835.36,AAS00021,800,850,0,0,0,498,399,1,2,80,800
61,C12033,137,21,90,41.45,19.95,826.9275,AAX00063,800,850,0,0,0,498,399,1,2,152,800
62,C13063,170,107,180,22.7,36.8,835.36,AAS00021,800,850,0,0,0,498,399,1,2,79,800
63,C12033,311,181,90,41.45,19.95,826.9275,AAX00063,800,850,0,0,0,498,399,1,2,152,800
64,C12022,350,131,90,42.45,20,849,AAN00057,800,850,0,0,0,498,399,1,2,123,800
65,C12043,446,322,270,40.35,20.25,817.0875,AAG00051,800,850,0,0,0,498,399,1,1,157,800
66,IC12000,174,36,90,44.15,18.2,803.53,AAB00025,800,850,0,0,0,498,399,1,2,61,800
67,CN14002,217,363,0,6.865,128.7,883.5255,AAK00032,850,900,0,0,0,498,399,1,1,76,850
68,R12006,263,79,0,53.45,16.65,889.9425,AAR00047,850,900,0,0,0,498,399,1,2,92,850
69,C12063,183,318,90,40.35,22.05,889.7175,AAA00046,850,900,0,0,0,498,399,1,1,64,850
70,C12063,356,383,90,40.35,22.05,889.7175,AAA00046,850,900,0,0,0,498,399,1,1,63,850
71,C13062,433,63,180,22.7,38.75,879.625,AAR00020,850,900,0,0,0,498,399,1,2,153,850
72,C12063,12,344,90,40.35,22.05,889.7175,AAA00046,850,900,0,0,0,498,399,1,1,63,850
73,R12006,300,114,0,53.45,16.65,889.9425,AAR00047,850,900,0,0,0,498,399,1,2,91,850
74,C12063,290,143,90,40.35,22.05,889.7175,AAA00046,850,900,0,0,0,498,399,1,2,102,850
75,C12026,148,356,180,53.45,17.65,943.3925,AAY00024,900,950,0,0,0,351,371,1,1,74,900
76,R12008,76,289,0,51.65,17.65,911.6225,AAU00049,900,950,0,0,0,498,399,1,1,26,900
77,C12049,132,97,0,43.55,21.75,947.2125,AAM00057,900,950,0,0,0,498,399,1,2,46,900
78,C12026,344,380,180,53.45,17.65,943.3925,AAY00024,900,950,0,0,0,498,399,1,1,73,900
79,C12049,86,11,0,43.55,21.75,947.2125,AAM00057,900,950,0,0,0,498,399,1,2,45,900
80,CN14001,15,294,0,6.865,140.2,962.473,AAJ00031,950,1000,0,0,0,351,391,1,1,7,950
81,CN14001,86,58,0,6.865,140.2,962.473,AAJ00031,950,1000,0,0,0,498,399,1,2,30,950
82,L12009,29,163,270,33.85,28.75,973.1875,AAV00042,950,1000,0,0,0,498,399,1,2,10,950
83,C13067,208,60,180,22.05,44.35,977.9175,AAV00023,950,1000,0,0,0,498,399,1,2,73,950
84,C12038,432,151,90,40,23.85,954,AAB00046,950,1000,0,0,0,498,399,1,2,152,950
85,IC9006,349,285,180,76,12.65,961.4,AAM00036,950,1000,0,0,0,498,399,1,1,123,950
86,C12076,33,138,90,45.6,21.55,982.68,AAE00050,950,1000,0,0,0,498,399,1,2,11,950
87,C12047,492,378,90,43.15,23.6,1018.34,AAK00055,1000,1050,0,0,0,498,399,1,1,173,1000
88,C9035,86,231,0,72.25,14.4,1040.4,AAS00037,1000,1050,0,0,0,498,399,1,1,30,1000
89,R13044,406,73,270,26,40.1,1042.6,AAX00052,1000,1050,0,0,0,498,399,1,2,143,1000
90,C12048,450,55,90,44.15,23.6,1041.94,AAL00056,1000,1050,0,0,0,498,399,1,2,159,1000
91,C1030,417,49,270,21,50.7,1064.7,AAS00057,1050,1100,0,0,0,498,399,1,2,147,1050
92,C12014,12,180,270,43.45,24.8,1077.56,AAM00016,1050,1100,0,0,0,498,399,1,2,4,1050
93,C1030,199,235,270,21,50.7,1064.7,AAS00057,1050,1100,0,0,0,498,399,1,1,70,1050
94,C12016,266,88,270,42.45,24.8,1052.76,AAP00018,1050,1100,0,0,0,498,399,1,2,94,1050
95,C12016,299,343,270,42.45,24.8,1052.76,AAP00018,1050,1100,0,0,0,498,399,1,1,105,1050
96,C12018,404,290,90,52.6,20.7,1088.82,AAR00019,1050,1100,0,0,0,498,399,1,1,142,1050
97,C1029,498,150,0,21.05,53.65,1129.3325,AAR00056,1100,1150,0,0,0,498,391,1,2,176,1100
98,C1028,88,142,0,21.05,52.65,1108.2825,AAP00055,1100,1150,0,0,0,498,399,1,2,31,1100
99,C12065,65,191,270,45.45,24.8,1127.16,AAC00007,1100,1150,0,0,0,498,399,1,2,22,1100
100,C1028,465,52,0,21.05,52.65,1108.2825,AAP00055,1100,1150,0,0,0,498,399,1,2,30,1100
101,C1029,433,396,0,21.05,53.65,1129.3325,AAR00056,1100,1150,0,0,0,498,399,1,1,153,1100
102,C1028,425,308,0,21.05,52.65,1108.2825,AAP00055,1100,1150,0,0,0,498,399,1,1,150,1100
103,FL13000,369,139,180,30.45,37.75,1149.4875,AAB00024,1100,1150,0,0,0,498,399,1,2,130,1100
104,C12065,440,185,270,45.45,24.8,1127.16,AAC00007,1100,1150,0,0,0,498,399,1,2,21,1100
105,R1035,14,62,270,21.45,54.1,1160.445,AAY00050,1150,1200,0,0,0,498,399,1,2,2,1150
106,R1035,9,55,270,21.45,54.1,1160.445,AAY00050,1150,1200,0,0,0,498,399,1,2,2,1150
107,C12023,227,316,180,47.75,24.625,1175.84375,AAV00022,1150,1200,0,0,0,498,399,1,1,80,1150
108,C12032,333,201,270,49.7,24.8,1232.56,AAA00005,1200,1250,0,0,0,498,399,1,1,117,1200
109,C12032,164,250,270,49.7,24.8,1232.56,AAA00005,1200,1250,0,0,0,498,399,1,1,116,1200
110,C12028,273,378,90,47.55,26.65,1267.2075,AAS00060,1250,1300,0,0,0,498,399,1,1,96,1250
111,R13010,110,340,90,45.2,30.8,1392.16,AAB00034,1350,1400,0,0,0,498,391,1,1,38,1350
112,D13000,275,231,180,36,38.75,1395,AAR00037,1350,1400,0,0,0,498,399,1,1,97,1350
113,C10049,416,346,180,13.475,103.6,1396.01,AAC00043,1350,1400,0,0,0,498,399,1,1,147,1350
114,C10049,74,81,180,13.475,103.6,1396.01,AAC00043,1350,1400,0,0,0,498,399,1,2,26,1350
115,R13006,102,360,90,44.05,32.55,1433.8275,AAX00051,1400,1450,0,0,0,498,399,1,1,36,1400
116,R13009,231,10,90,46.2,30.8,1422.96,AAA00033,1400,1450,0,0,0,498,399,1,2,81,1400
117,R13021,280,82,90,65.45,22.8,1492.26,AAK00043,1450,1500,0,0,0,498,399,1,2,98,1450
118,R13014,33,103,270,47.2,30.8,1453.76,AAE00037,1450,1500,0,0,0,498,399,1,2,11,1450
119,R13014,89,45,270,47.2,30.8,1453.76,AAE00037,1450,1500,0,0,0,498,399,1,2,11,1450
120,R13030,252,351,90,62.95,24.6,1548.57,AAN00046,1500,1550,0,0,0,498,399,1,1,89,1500
121,R13030,95,276,90,62.95,24.6,1548.57,AAN00046,1500,1550,0,0,0,498,399,1,1,88,1500
122,R13101,29,17,90,66.45,22.8,1515.06,AAJ00044,1500,1550,0,0,0,498,399,1,2,8,1500
123,R13008,167,215,90,49.2,30.8,1515.36,AAZ00053,1500,1550,0,0,0,498,399,1,1,59,1500
124,R13008,344,352,90,49.2,30.8,1515.36,AAZ00053,1500,1550,0,0,0,498,399,1,1,58,1500
125,R13019,184,262,90,67.45,22.8,1537.86,AAJ00042,1500,1550,0,0,0,498,399,1,1,65,1500
126,C1083,28,103,180,24.7,61.2,1511.64,AAE00046,1500,1550,0,0,0,498,399,1,2,7,1500
127,R13008,445,89,90,49.2,30.8,1515.36,AAZ00053,1500,1550,0,0,0,498,399,1,2,157,1500
128,R13029,337,125,270,44.05,34.35,1513.1175,AAM00045,1500,1550,0,0,0,498,399,1,2,119,1500
129,R13007,317,181,90,50.2,30.8,1546.16,AAY00052,1500,1550,0,0,0,498,399,1,2,112,1500
130,R13008,259,28,90,49.2,30.8,1515.36,AAZ00053,1500,1550,0,0,0,498,399,1,2,157,1500
131,C1083,486,227,180,24.7,61.2,1511.64,AAE00046,1500,1550,0,0,0,498,399,1,1,171,1500
132,R13033,420,73,180,60.7,26.25,1593.375,AAR00048,1550,1600,0,0,0,498,399,1,2,148,1550
133,R13107,467,217,90,51.2,30.8,1576.96,AAN00048,1550,1600,0,0,0,498,399,1,1,165,1550
134,R13107,14,328,90,51.2,30.8,1576.96,AAN00048,1550,1600,0,0,0,498,399,1,1,164,1550
135,R13107,328,65,90,51.2,30.8,1576.96,AAN00048,1550,1600,0,0,0,498,399,1,2,115,1550
136,R15042,131,371,0,23.75,68.45,1625.6875,AAI00044,1600,1650,0,0,0,351,371,1,1,66,1600
137,C11000,242,39,180,39.15,41.5,1624.725,AAV00060,1600,1650,0,0,0,498,399,1,2,83,1600
138,R13092,333,289,270,71.45,22.8,1629.06,AAA00035,1600,1650,0,0,0,498,399,1,1,117,1600
139,C11077,465,338,180,14.6,112.05,1635.93,AAY00063,1600,1650,0,0,0,498,399,1,1,164,1600
140,R13092,219,230,270,71.45,22.8,1629.06,AAA00035,1600,1650,0,0,0,498,399,1,1,117,1600
141,C11000,49,83,180,39.15,41.5,1624.725,AAV00060,1600,1650,0,0,0,498,399,1,2,83,1600
142,R13096,124,196,270,70.45,22.8,1606.26,AAE00039,1600,1650,0,0,0,498,399,1,2,43,1600
143,R13041,465,265,90,68.95,24.6,1696.17,AAU00050,1650,1700,0,0,0,474,391,1,1,172,1650
144,R13041,212,190,90,68.95,24.6,1696.17,AAU00050,1650,1700,0,0,0,498,399,1,2,74,1650
145,ZD11003,238,367,90,23.1,72.55,1675.905,AAK00049,1650,1700,0,0,0,498,399,1,1,82,1650
146,C1086,478,286,0,29.4,56.8,1669.92,AAH00049,1650,1700,0,0,0,498,399,1,1,168,1650
147,C13056,80,151,180,60.7,27.85,1690.495,AAK00015,1650,1700,0,0,0,498,399,1,2,28,1650
148,R13073,123,153,0,74.85,22.2,1661.67,AAP00048,1650,1700,0,0,0,498,399,1,2,43,1650
149,C1086,231,321,0,29.4,56.8,1669.92,AAH00049,1650,1700,0,0,0,498,399,1,1,167,1650
150,C1086,80,99,0,29.4,56.8,1669.92,AAH00049,1650,1700,0,0,0,498,399,1,2,28,1650
151,C1086,256,7,0,29.4,56.8,1669.92,AAH00049,1650,1700,0,0,0,498,399,1,2,28,1650
152,R13043,446,281,90,67.95,24.6,1671.57,AAV00051,1650,1700,0,0,0,498,399,1,1,157,1650
153,ZD11003,397,74,90,23.1,72.55,1675.905,AAK00049,1650,1700,0,0,0,498,399,1,2,140,1650
154,IC13001,287,269,180,48.35,36.15,1747.8525,AAD00027,1700,1750,0,0,0,498,399,1,1,101,1700
155,C13057,166,302,180,60.7,28.85,1751.195,AAL00016,1750,1800,0,0,0,498,399,1,1,58,1750
156,C13057,410,137,180,60.7,28.85,1751.195,AAL00016,1750,1800,0,0,0,498,399,1,2,144,1750
157,R13023,376,356,270,44.3,41.35,1831.805,AAL00044,1800,1850,0,0,0,498,399,1,1,132,1800
158,R13081,138,115,90,73.95,24.6,1819.17,AAV00052,1800,1850,0,0,0,498,399,1,2,48,1800
159,R15037,178,48,0,26.35,69.4,1828.69,AAE00040,1800,1850,0,0,0,498,399,1,2,62,1800
160,C10044,445,282,180,14.925,121.8,1817.865,AAX00059,1800,1850,0,0,0,498,399,1,1,158,1800
161,C11005,73,351,180,26.4,70,1848,AAB00044,1800,1850,0,0,0,498,399,1,1,25,1800
162,R13081,170,140,90,73.95,24.6,1819.17,AAV00052,1800,1850,0,0,0,498,399,1,2,48,1800
163,R13081,476,149,90,73.95,24.6,1819.17,AAV00052,1800,1850,0,0,0,498,399,1,2,48,1800
164,C11005,360,254,180,26.4,70,1848,AAB00044,1800,1850,0,0,0,498,399,1,1,24,1800
165,C1088,495,104,0,29.4,63,1852.2,AAJ00051,1850,1900,0,0,0,498,399,1,2,174,1850
166,C11006,114,398,270,41.9,45.2,1893.88,AAC00045,1850,1900,0,0,0,498,399,1,1,40,1850
167,R15041,293,341,0,26.8,71.55,1917.54,AAH00043,1900,1950,0,0,0,498,399,1,1,103,1900
168,C13001,119,111,180,70.8,27.3,1932.84,AAG00052,1900,1950,0,0,0,498,399,1,2,40,1900
169,C11002,404,24,0,38.675,49.8,1926.015,AAY00062,1900,1950,0,0,0,498,399,1,2,142,1900
170,U13001,320,138,90,62.895,30.675,1929.304125,AAY00058,1900,1950,0,0,0,498,399,1,2,113,1900
171,C15186,243,5,270,28.65,69.6,1994.04,AAV00024,1950,2000,0,0,0,498,399,1,2,82,1950
172,R13013,27,325,270,48.05,41.4,1989.27,AAD00036,1950,2000,0,0,0,498,399,1,1,9,1950
173,R13013,465,212,270,48.05,41.4,1989.27,AAD00036,1950,2000,0,0,0,498,399,1,1,8,1950
174,TU16003,485,77,270,42.015,47.285,1986.679275,AAN00051,1950,2000,0,0,0,498,399,1,2,171,1950
175,R15040,427,45,180,26.8,73.5,1969.8,AAG00042,1950,2000,0,0,0,498,399,1,2,150,1950
176,C15186,54,338,270,28.65,69.6,1994.04,AAV00024,1950,2000,0,0,0,498,399,1,1,19,1950
177,TU16003,138,240,270,42.015,47.285,1986.679275,AAN00051,1950,2000,0,0,0,498,399,1,1,48,1950
178,R13013,414,353,270,48.05,41.4,1989.27,AAD00036,1950,2000,0,0,0,498,399,1,1,8,1950
179,C15186,364,176,270,28.65,69.6,1994.04,AAV00024,1950,2000,0,0,0,498,399,1,2,82,1950
180,C15186,22,145,270,28.65,69.6,1994.04,AAV00024,1950,2000,0,0,0,498,399,1,2,82,1950
181,TU16003,79,378,270,42.015,47.285,1986.679275,AAN00051,1950,2000,0,0,0,498,399,1,1,48,1950
182,X13000,160,161,0,47.5,44.15,2097.125,AAD00042,2050,2100,0,0,0,498,399,2,2,49,2050
183,X13000,127,190,0,47.5,44.15,2097.125,AAD00042,2050,2100,0,0,0,498,399,2,2,48,2050
184,R13012,396,10,90,52.85,39.175,2070.39875,AAC00035,2050,2100,0,0,0,498,399,2,2,123,2050
185,C11057,87,296,270,22.9,91,2083.9,AAS00059,2050,2100,0,0,0,498,399,2,1,27,2050
186,R13052,201,244,180,60.2,34.8,2094.96,AAC00036,2050,2100,0,0,0,498,399,2,1,62,2050
187,C11057,426,349,270,22.9,91,2083.9,AAS00059,2050,2100,0,0,0,498,399,2,1,26,2050
188,C11057,285,310,270,22.9,91,2083.9,AAS00059,2050,2100,0,0,0,498,399,2,1,26,2050
189,C11085,53,342,270,21.725,97.325,2114.385625,AAE00048,2100,2150,0,0,0,498,399,2,1,16,2100
190,C11053,252,33,180,23.15,91.5,2118.225,AAV00021,2100,2150,0,0,0,498,399,2,2,78,2100
191,C13058,290,40,90,50.25,42.175,2119.29375,AAM00017,2100,2150,0,0,0,498,399,2,2,90,2100
192,C11085,426,299,270,21.725,97.325,2114.385625,AAE00048,2100,2150,0,0,0,498,399,2,1,15,2100
193,C11053,445,72,180,23.15,91.5,2118.225,AAV00021,2100,2150,0,0,0,498,399,2,2,77,2100
194,C11085,372,397,270,21.725,97.325,2114.385625,AAE00048,2100,2150,0,0,0,498,399,2,1,15,2100
195,C11053,273,316,180,23.15,91.5,2118.225,AAV00021,2100,2150,0,0,0,498,399,2,1,84,2100
196,C11085,192,313,270,21.725,97.325,2114.385625,AAE00048,2100,2150,0,0,0,498,399,2,1,15,2100
197,C11008,408,298,270,41.9,52.4,2195.56,AAE00047,2150,2200,0,0,0,498,399,2,1,126,2150
198,IC13000,224,60,90,67.95,32.25,2191.3875,AAC00026,2150,2200,0,0,0,498,399,2,2,69,2150
199,R13053,168,210,180,60.2,35.8,2155.16,AAD00037,2150,2200,0,0,0,498,399,2,1,52,2150
200,R13053,227,273,180,60.2,35.8,2155.16,AAD00037,2150,2200,0,0,0,498,399,2,1,51,2150
201,C10002,257,208,0,24.35,91.6,2230.46,AAL00050,2200,2250,0,0,0,498,399,2,1,79,2200
202,C10002,78,55,0,24.35,91.6,2230.46,AAL00050,2200,2250,0,0,0,498,399,2,2,24,2200
203,R13106,441,216,180,60.2,36.85,2218.37,AAM00047,2200,2250,0,0,0,498,399,2,1,137,2200
204,R14015,488,62,270,21.55,103.15,2222.8825,AAY00055,2200,2250,0,0,0,498,399,2,2,151,2200
205,R13106,193,171,180,60.2,36.85,2218.37,AAM00047,2200,2250,0,0,0,498,399,2,2,60,2200
206,C13044,479,356,90,50.25,44.15,2218.5375,AAJ00014,2200,2250,0,0,0,498,399,2,1,149,2200
207,C13044,415,55,90,50.25,44.15,2218.5375,AAJ00014,2200,2250,0,0,0,498,399,2,2,129,2200
208,C11001,120,304,0,38.8,56.975,2210.63,AAX00061,2200,2250,0,0,0,498,399,2,1,37,2200
209,C13043,10,257,0,51.8,44.2,2289.56,AAI00013,2250,2300,0,0,0,498,399,2,1,3,2250
210,R14016,51,334,0,21.95,104.6,2295.97,AAZ00056,2250,2300,0,0,0,498,399,2,1,15,2250
211,C13043,454,58,0,51.8,44.2,2289.56,AAI00013,2250,2300,0,0,0,498,399,2,2,141,2250
212,C13043,158,189,0,51.8,44.2,2289.56,AAI00013,2250,2300,0,0,0,498,399,2,2,140,2250
213,C11047,72,334,270,23.6,95.35,2250.26,AAM00015,2250,2300,0,0,0,498,399,2,1,22,2250
214,R14017,419,21,180,21.95,105.7,2320.115,AAA00036,2300,2350,0,0,0,498,399,2,2,130,2300
215,Q13006,253,138,270,59.5,39.35,2341.325,AAF00034,2300,2350,0,0,0,498,399,2,2,78,2300
216,R14018,160,108,180,21.95,106.775,2343.71125,AAB00037,2300,2350,0,0,0,498,399,2,2,49,2300
217,C11084,61,277,0,22.1,105.05,2321.605,AAD00047,2300,2350,0,0,0,498,399,2,1,18,2300
218,Q14000,131,346,180,21.55,108.75,2343.5625,AAG00035,2300,2350,0,0,0,498,399,2,1,40,2300
219,R14018,349,45,180,21.95,106.775,2343.71125,AAB00037,2300,2350,0,0,0,498,399,2,2,49,2300
220,R14018,74,64,180,21.95,106.775,2343.71125,AAB00037,2300,2350,0,0,0,498,399,2,2,49,2300
221,R13075,130,71,180,75.15,30.9,2322.135,AAS00050,2300,2350,0,0,0,498,399,2,2,40,2300
222,R13105,274,393,270,61.15,39.45,2412.3675,AAL00046,2400,2450,0,0,0,498,399,2,1,85,2450
223,C11007,29,151,270,41.9,59.6,2497.24,AAD00046,2450,2500,0,0,0,498,399,2,2,9,2450
224,C11054,353,115,180,24.85,98.75,2453.9375,AAX00022,2450,2500,0,0,0,498,399,2,2,109,2450
225,C14020,161,304,180,19.8,125.7,2488.86,AAS00022,2450,2500,0,0,0,498,399,2,1,50,2450
226,C11007,154,168,270,41.9,59.6,2497.24,AAD00046,2450,2500,0,0,0,498,399,2,2,8,2450
227,C10045,78,158,180,20.2,122.625,2477.025,AAY00060,2450,2500,0,0,0,498,399,2,2,24,2450
228,U13000,1,104,0,66.375,37.305,2476.119375,AAX00057,2450,2500,0,0,0,498,399,2,2,1,2450
229,R13046,430,344,180,76.95,32.4,2493.18,AAZ00054,2450,2500,0,0,0,498,399,2,1,133,2450
230,R13099,410,342,270,63.15,39.45,2491.2675,AAH00042,2450,2500,0,0,0,498,399,2,1,127,2450
231,R13046,138,138,180,76.95,32.4,2493.18,AAZ00054,2450,2500,0,0,0,498,399,2,2,42,2450
232,R13090,179,168,180,75.15,33.9,2547.585,AAY00054,2500,2550,0,0,0,498,399,2,2,55,2500
233,R13068,14,349,270,61.65,41.25,2543.0625,AAL00045,2500,2550,0,0,0,498,399,2,1,4,2500
234,R13060,422,236,270,64.15,39.45,2530.7175,AAI00042,2500,2550,0,0,0,498,399,2,1,131,2500
235,R13090,123,33,180,75.15,33.9,2547.585,AAY00054,2500,2550,0,0,0,498,399,2,2,54,2500
236,C11003,73,247,0,39.125,64.275,2514.759375,AAZ00063,2500,2550,0,0,0,498,399,2,1,22,2500
237,R13068,297,118,270,61.65,41.25,2543.0625,AAL00045,2500,2550,0,0,0,498,399,2,2,92,2500
238,R13074,150,84,180,76.95,33.4,2570.13,AAR00049,2550,2600,0,0,0,498,399,2,2,46,2550
239,R13074,140,296,180,76.95,33.4,2570.13,AAR00049,2550,2600,0,0,0,498,399,2,1,43,2550
240,R13072,434,115,270,67.15,39.45,2649.0675,AAN00047,2600,2650,0,0,0,498,399,2,2,135,2600
241,R13094,186,145,0,75.15,34.9,2622.735,AAC00037,2600,2650,0,0,0,498,399,2,2,57,2600
242,R13091,350,184,270,66.15,39.45,2609.6175,AAZ00055,2600,2650,0,0,0,498,399,2,2,108,2600
243,R14019,168,282,90,21.2,123.3,2613.96,AAC00038,2600,2650,0,0,0,498,399,2,1,52,2600
244,R14010,419,302,0,19.8,132.3,2619.54,AAV00053,2600,2650,0,0,0,498,399,2,1,130,2600
245,R13072,211,398,270,67.15,39.45,2649.0675,AAN00047,2600,2650,0,0,0,498,399,2,1,65,2600
246,R13094,371,63,0,75.15,34.9,2622.735,AAC00037,2600,2650,0,0,0,498,399,2,2,56,2600
247,R13078,207,301,180,76.95,34.4,2647.08,AAU00051,2600,2650,0,0,0,498,399,2,1,64,2600
248,R13091,120,128,270,66.15,39.45,2609.6175,AAZ00055,2600,2650,0,0,0,498,399,2,2,107,2600
249,R14019,263,178,90,21.2,123.3,2613.96,AAC00038,2600,2650,0,0,0,498,399,2,2,81,2600
250,R13047,366,68,90,63.65,41.25,2625.5625,AAA00034,2600,2650,0,0,0,498,399,2,2,113,2600
251,R13091,163,27,270,66.15,39.45,2609.6175,AAZ00055,2600,2650,0,0,0,498,399,2,2,107,2600
252,R13072,46,96,270,67.15,39.45,2649.0675,AAN00047,2600,2650,0,0,0,498,399,2,2,134,2600
253,TU16001,234,200,270,57.015,47.285,2695.954275,AAL00049,2650,2700,0,0,0,498,399,2,1,72,2650
254,C14003,441,61,0,19.8,136.1,2694.78,AAB00007,2650,2700,0,0,0,498,399,2,2,137,2650
255,C10028,107,191,270,19.4,138.15,2680.11,AAG00046,2650,2700,0,0,0,498,399,2,2,33,2650
256,C10028,149,125,270,19.4,138.15,2680.11,AAG00046,2650,2700,0,0,0,498,399,2,2,32,2650
257,C14006,141,138,0,19.8,135.1,2674.98,AAE00010,2650,2700,0,0,0,498,399,2,2,43,2650
258,C14003,271,62,0,19.8,136.1,2694.78,AAB00007,2650,2700,0,0,0,498,399,2,2,136,2650
259,R13059,98,74,90,65.65,41.25,2708.0625,AAH00041,2700,2750,0,0,0,498,399,2,2,30,2700
260,R14005,197,185,90,20.2,133.7,2700.74,AAP00049,2700,2750,0,0,0,498,399,2,2,61,2700
261,R13059,129,218,90,65.65,41.25,2708.0625,AAH00041,2700,2750,0,0,0,498,399,2,1,40,2700
262,C1044,312,391,90,37.65,73.55,2769.1575,AAV00059,2750,2800,0,0,0,498,399,2,1,97,2750
263,R13034,364,194,180,75.15,36.9,2773.035,AAS00049,2750,2800,0,0,0,498,399,2,2,113,2750
264,L14000,473,276,90,19.95,139.3,2779.035,AAA00025,2750,2800,0,0,0,498,399,2,1,147,2750
265,R13034,395,25,180,75.15,36.9,2773.035,AAS00049,2750,2800,0,0,0,498,399,2,2,113,2750
266,R13100,46,54,180,70.95,39.7,2816.715,AAI00043,2800,2850,0,0,0,498,399,2,2,14,2800
267,C10019,240,127,270,20.4,138.15,2818.26,AAA00040,2800,2850,0,0,0,498,399,2,2,74,2800
268,C14001,245,350,90,19.95,141.65,2825.9175,AAZ00026,2800,2850,0,0,0,498,399,2,1,76,2800
269,C14001,435,121,90,19.95,141.65,2825.9175,AAZ00026,2800,2850,0,0,0,498,399,2,2,135,2800
270,R13100,379,260,180,70.95,39.7,2816.715,AAI00043,2800,2850,0,0,0,498,399,2,1,117,2800
271,C10019,200,239,270,20.4,138.15,2818.26,AAA00040,2800,2850,0,0,0,498,399,2,1,62,2800
272,R14006,192,268,0,26.85,106.85,2868.9225,AAR00050,2850,2900,0,0,0,351,268,2,1,82,2850
273,R8002,152,101,0,22.6,128.05,2893.93,AAC00039,2850,2900,0,0,0,498,399,2,2,47,2850
274,R8002,387,389,0,22.6,128.05,2893.93,AAC00039,2850,2900,0,0,0,498,399,2,1,120,2850
275,C11075,365,96,180,25.5,112.75,2875.125,AAV00061,2850,2900,0,0,0,498,399,2,2,111,2850
276,R14006,367,32,0,26.85,106.85,2868.9225,AAR00050,2850,2900,0,0,0,498,399,2,2,114,2850
277,C1041,470,283,0,41.85,69.55,2910.6675,AAC00004,2900,2950,0,0,0,498,399,2,1,146,2900
278,C14011,473,93,0,20.1,144.85,2911.485,AAJ00015,2900,2950,0,0,0,498,399,2,2,147,2900
279,C13000,396,294,90,67.325,43.6,2935.37,AAF00051,2900,2950,0,0,0,498,399,2,1,123,2900
280,Q1000,63,366,0,53.8,54.8,2948.24,AAD00031,2900,2950,0,0,0,498,399,2,1,19,2900
281,L14002,474,108,0,20.35,142.95,2909.0325,AAC00027,2900,2950,0,0,0,498,399,2,2,147,2900
282,FB14000,32,298,180,20.1,145.9,2932.59,AAX00041,2900,2950,0,0,0,498,399,2,1,9,2900
283,Q1000,384,379,0,53.8,54.8,2948.24,AAD00031,2900,2950,0,0,0,498,399,2,1,18,2900
284,Q1000,398,224,0,53.8,54.8,2948.24,AAD00031,2900,2950,0,0,0,498,399,2,1,18,2900
285,C13000,423,102,90,67.325,43.6,2935.37,AAF00051,2900,2950,0,0,0,498,399,2,2,131,2900
286,FB14000,448,370,180,20.1,145.9,2932.59,AAX00041,2900,2950,0,0,0,498,399,2,1,8,2900
287,R8001,359,256,270,23,126.75,2915.25,AAB00038,2900,2950,0,0,0,498,399,2,1,111,2900
288,C1041,35,301,0,41.85,69.55,2910.6675,AAC00004,2900,2950,0,0,0,498,399,2,1,145,2900
289,R8001,431,107,270,23,126.75,2915.25,AAB00038,2900,2950,0,0,0,498,399,2,2,134,2900
290,FB14000,395,41,180,20.1,145.9,2932.59,AAX00041,2900,2950,0,0,0,498,399,2,2,122,2900
291,R8001,334,20,270,23,126.75,2915.25,AAB00038,2900,2950,0,0,0,498,399,2,2,133,2900
292,Q1000,116,380,0,53.8,54.8,2948.24,AAD00031,2900,2950,0,0,0,498,399,2,1,18,2900
293,C14013,107,288,0,20.25,146.75,2971.6875,AAL00017,2950,3000,0,0,0,498,391,2,1,33,2950
294,C10025,427,21,270,21.4,138.15,2956.41,AAF00045,2950,3000,0,0,0,498,399,2,2,132,2950
295,R13089,417,6,180,76.95,38.4,2954.88,AAX00053,2950,3000,0,0,0,498,399,2,2,127,2950
296,L8024,134,99,270,19.95,148.7,2966.565,AAV00045,2950,3000,0,0,0,498,399,2,2,41,2950
297,L8024,322,192,270,19.95,148.7,2966.565,AAV00045,2950,3000,0,0,0,498,399,2,2,40,2950
298,C14013,467,181,0,20.25,146.75,2971.6875,AAL00017,2950,3000,0,0,0,498,399,2,2,145,2950
299,C1045,450,282,90,40.15,74.1,2975.115,AAX00060,2950,3000,0,0,0,498,399,2,1,140,2950
300,R13089,406,155,180,76.95,38.4,2954.88,AAX00053,2950,3000,0,0,0,498,399,2,2,127,2950
301,L8024,477,135,270,19.95,148.7,2966.565,AAV00045,2950,3000,0,0,0,498,399,2,2,40,2950
302,L8024,158,39,270,19.95,148.7,2966.565,AAV00045,2950,3000,0,0,0,498,399,2,2,40,2950
303,C13070,320,68,180,73.5,40.15,2951.025,AAX00024,2950,3000,0,0,0,498,399,2,2,99,2950
304,C10025,250,66,270,21.4,138.15,2956.41,AAF00045,2950,3000,0,0,0,498,399,2,2,131,2950
305,C13070,438,272,180,73.5,40.15,2951.025,AAX00024,2950,3000,0,0,0,498,399,2,1,136,2950
306,C14004,307,50,270,19.95,150.4,3000.48,AAC00008,3000,3050,0,0,0,498,399,2,2,95,3000
307,C14004,147,389,270,19.95,150.4,3000.48,AAC00008,3000,3050,0,0,0,498,399,2,1,45,3000
308,L14004,211,46,270,23,131.05,3014.15,AAE00029,3000,3050,0,0,0,498,399,2,2,65,3000
309,C14004,307,302,270,19.95,150.4,3000.48,AAC00008,3000,3050,0,0,0,498,399,2,1,44,3000
310,R1002,298,312,270,57.55,52.2,3004.11,AAX00048,3000,3050,0,0,0,498,399,2,1,92,3000
311,R1002,154,26,270,57.55,52.2,3004.11,AAX00048,3000,3050,0,0,0,498,399,2,2,47,3000
312,C13066,446,208,270,69.925,43.45,3038.24125,AAU00022,3000,3050,0,0,0,498,399,2,1,138,3000
313,C14004,138,350,270,19.95,150.4,3000.48,AAC00008,3000,3050,0,0,0,498,399,2,1,44,3000
314,Q1016,142,281,90,31,97.3,3016.3,AAR00043,3000,3050,0,0,0,498,399,2,1,44,3000
315,C14010,70,156,180,28.675,106.85,3063.92375,AAI00014,3050,3100,0,0,0,498,399,2,2,21,3050
316,C14010,435,360,180,28.675,106.85,3063.92375,AAI00014,3050,3100,0,0,0,498,399,2,1,135,3050
317,C10038,154,332,0,24.2,128.2,3102.44,AAP00054,3100,3150,0,0,0,474,391,2,1,50,3100
318,R1011,367,58,90,57.55,54.05,3110.5775,AAF00035,3100,3150,0,0,0,498,399,2,2,115,3100
319,C10038,203,120,0,24.2,128.2,3102.44,AAP00054,3100,3150,0,0,0,498,399,2,2,63,3100
320,C10030,353,277,0,21.55,144.05,3104.2775,AAI00048,3100,3150,0,0,0,498,399,2,1,109,3100
321,C10016,358,105,270,36.05,88.6,3194.03,AAY00059,3150,3200,0,0,0,498,399,2,2,111,3150
322,C1008,478,75,270,53.3,59.95,3195.335,AAM00013,3150,3200,0,0,0,498,399,2,2,148,3150
323,C14002,336,126,180,20.35,154.85,3151.1975,AAA00006,3150,3200,0,0,0,498,399,2,2,104,3150
324,L8002,190,68,270,26.25,121.8,3197.25,AAD00030,3150,3200,0,0,0,498,399,2,2,59,3150
325,C14007,368,70,180,20.35,156.85,3191.8975,AAF00011,3150,3200,0,0,0,498,399,2,2,116,3150
326,Q1010,137,198,90,45.6,69.55,3171.48,AAL00039,3150,3200,0,0,0,498,399,2,2,43,3150
327,C10035,40,149,90,37.05,86.8,3215.94,AAL00051,3200,3250,0,0,0,498,399,2,2,12,3200
328,ZD1001,170,195,0,44,73.2,3220.8,AAF00044,3200,3250,0,0,0,498,399,2,2,52,3200
329,R14009,170,226,180,31.55,102.2,3224.41,AAU00052,3200,3250,0,0,0,498,399,2,1,53,3200
330,R1085,104,13,270,60.55,53.2,3221.26,AAR00046,3200,3250,0,0,0,498,399,2,2,32,3200
331,Q1008,83,367,180,45.8,71.5,3274.7,AAJ00037,3250,3300,0,0,0,474,391,2,1,27,3250
332,C1013,367,14,270,64.5,51.1,3295.95,AAS00017,3250,3300,0,0,0,498,399,2,2,117,3250
333,C1007,173,275,180,58.1,56.65,3291.365,AAL00012,3250,3300,0,0,0,498,399,2,1,54,3250
334,C14009,42,366,90,22.8,143.3,3267.24,AAH00013,3250,3300,0,0,0,498,399,2,1,13,3250
335,C1013,253,17,270,64.5,51.1,3295.95,AAS00017,3250,3300,0,0,0,498,399,2,2,117,3250
336,C1013,352,32,270,64.5,51.1,3295.95,AAS00017,3250,3300,0,0,0,498,399,2,2,117,3250
337,C1013,117,15,270,64.5,51.1,3295.95,AAS00017,3250,3300,0,0,0,498,399,2,2,117,3250
338,C10043,147,70,90,38.35,85.65,3284.6775,AAV00058,3250,3300,0,0,0,498,399,2,2,45,3250
339,R1017,317,68,270,65.5,51.1,3347.05,AAI00038,3300,3350,0,0,0,351,391,2,2,139,3300
340,IC14001,319,166,0,22.8,145.8,3324.24,AAF00029,3300,3350,0,0,0,498,399,2,2,99,3300
341,C10031,81,252,0,24.2,137.25,3321.45,AAJ00049,3300,3350,0,0,0,498,399,3,1,25,3300
342,C8030,274,337,0,29.625,112.5,3332.8125,AAJ00029,3300,3350,0,0,0,498,399,3,1,87,3300
343,R1017,327,374,270,65.5,51.1,3347.05,AAI00038,3300,3350,0,0,0,498,399,3,1,104,3300
344,C8030,420,150,0,29.625,112.5,3332.8125,AAJ00029,3300,3350,0,0,0,498,399,3,2,134,3300
345,C8030,253,29,0,29.625,112.5,3332.8125,AAJ00029,3300,3350,0,0,0,498,399,3,2,133,3300
346,C14008,29,73,270,32.3,105,3391.5,AAG00012,3350,3400,0,0,0,498,391,3,2,9,3350
347,C14008,433,292,270,32.3,105,3391.5,AAG00012,3350,3400,0,0,0,498,399,3,1,138,3350
348,R1027,467,53,0,61.4,55.6,3413.84,AAP00044,3400,3450,0,0,0,474,391,3,2,156,3400
349,C10057,156,106,270,30.575,111.475,3408.348125,AAK00051,3400,3450,0,0,0,498,399,3,2,49,3400
350,C10042,359,245,270,38.35,89.75,3441.9125,AAU00057,3400,3450,0,0,0,498,399,3,1,114,3400
351,C10042,386,188,270,38.35,89.75,3441.9125,AAU00057,3400,3450,0,0,0,498,399,3,2,123,3400
352,R1027,388,135,0,61.4,55.6,3413.84,AAP00044,3400,3450,0,0,0,498,399,3,2,155,3400
353,C1010,255,355,180,57.3,60.1,3443.73,AAP00015,3400,3450,0,0,0,498,399,3,1,81,3400
354,C10042,239,393,270,38.35,89.75,3441.9125,AAU00057,3400,3450,0,0,0,498,399,3,1,113,3400
355,C10054,430,350,0,31.7,108.85,3450.545,AAH00048,3450,3500,0,0,0,498,399,3,1,137,3450
356,C10061,313,54,90,37.125,93.875,3485.109375,AAL00052,3450,3500,0,0,0,498,399,3,2,99,3450
357,C7057,282,328,270,26.2,133.525,3498.355,AAY00038,3450,3500,0,0,0,498,399,3,1,90,3450
358,C1052,13,88,270,46.75,73.975,3458.33125,AAY00061,3450,3500,0,0,0,498,399,3,2,4,3450
359,C7057,154,345,270,26.2,133.525,3498.355,AAY00038,3450,3500,0,0,0,498,399,3,1,89,3450
360,C1052,151,222,270,46.75,73.975,3458.33125,AAY00061,3450,3500,0,0,0,498,399,3,1,48,3450
361,R1003,225,342,180,61.4,57.25,3515.15,AAZ00050,3500,3550,0,0,0,498,399,3,1,71,3500
362,IC1001,81,147,90,64.55,54.4,3511.52,AAY00043,3500,3550,0,0,0,498,399,3,2,25,3500
363,R1003,63,350,180,61.4,57.25,3515.15,AAZ00050,3500,3550,0,0,0,498,399,3,1,70,3500
364,FL7007,281,157,180,29.1,122.425,3562.5675,AAJ00032,3550,3600,0,0,0,498,399,3,2,89,3550
365,D1002,323,111,0,69.85,51.05,3565.8425,AAN00035,3550,3600,0,0,0,498,399,3,2,103,3550
366,C7076,176,345,180,29.6,121.35,3591.96,AAF00024,3550,3600,0,0,0,498,399,3,1,56,3550
367,D1002,121,374,0,69.85,51.05,3565.8425,AAN00035,3550,3600,0,0,0,498,399,3,1,38,3550
368,C7076,244,225,180,29.6,121.35,3591.96,AAF00024,3550,3600,0,0,0,498,399,3,1,55,3550
369,D1002,92,209,0,69.85,51.05,3565.8425,AAN00035,3550,3600,0,0,0,498,399,3,1,37,3550
370,D1002,329,114,0,69.85,51.05,3565.8425,AAN00035,3550,3600,0,0,0,498,399,3,2,102,3550
371,C8008,348,153,0,30.875,117.625,3631.671875,AAL00030,3600,3650,0,0,0,351,391,3,2,157,3600
372,C1003,413,110,180,63.1,57.25,3612.475,AAG00007,3600,3650,0,0,0,498,391,3,2,131,3600
373,C10023,454,2,180,26.15,138.5,3621.775,AAD00043,3600,3650,0,0,0,498,399,3,2,144,3600
374,C7029,22,219,180,29.35,124.225,3646.00375,AAY00037,3600,3650,0,0,0,498,399,3,1,7,3600
375,C10023,284,154,180,26.15,138.5,3621.775,AAD00043,3600,3650,0,0,0,498,399,3,2,143,3600
376,D1001,268,35,90,53.3,67.8,3613.74,AAM00034,3600,3650,0,0,0,498,399,3,2,85,3600
377,C8008,148,103,0,30.875,117.625,3631.671875,AAL00030,3600,3650,0,0,0,498,399,3,2,156,3600
378,IC8002,387,396,0,32.125,112.5,3614.0625,AAK00034,3600,3650,0,0,0,498,399,3,1,123,3600
379,C1011,225,291,180,57.3,63.15,3618.495,AAR00016,3600,3650,0,0,0,498,399,3,1,71,3600
380,IC8002,49,190,0,32.125,112.5,3614.0625,AAK00034,3600,3650,0,0,0,498,399,3,2,15,3600
381,L1002,431,320,270,39.75,91.3,3629.175,AAR00039,3600,3650,0,0,0,498,399,3,1,135,3600
382,C1011,237,223,180,57.3,63.15,3618.495,AAR00016,3600,3650,0,0,0,498,399,3,1,71,3600
383,C1063,170,71,270,48.75,73.975,3606.28125,AAD00045,3600,3650,0,0,0,498,399,3,2,54,3600
384,C1054,368,141,0,47.55,76.75,3649.4625,AAZ00062,3600,3650,0,0,0,498,399,3,2,117,3600
385,C1011,366,193,180,57.3,63.15,3618.495,AAR00016,3600,3650,0,0,0,498,399,3,2,116,3600
386,IC8002,298,11,0,32.125,112.5,3614.0625,AAK00034,3600,3650,0,0,0,498,399,3,2,14,3600
387,C8008,297,82,0,30.875,117.625,3631.671875,AAL00030,3600,3650,0,0,0,498,399,3,2,156,3600
388,C8008,104,187,0,30.875,117.625,3631.671875,AAL00030,3600,3650,0,0,0,498,399,3,2,156,3600
389,C10051,365,205,0,31.1,118.45,3683.795,AAE00045,3650,3700,0,0,0,498,399,3,1,116,3650
390,R1006,356,167,0,61.9,59.6,3689.24,AAA00030,3650,3700,0,0,0,498,399,3,2,113,3650
391,TU16000,402,319,270,24.75,148.75,3681.5625,AAK00048,3650,3700,0,0,0,498,399,3,1,128,3650
392,TU16002,128,267,270,50.465,72.885,3678.141525,AAM00050,3650,3700,0,0,0,498,399,3,1,40,3650
393,R1006,461,59,0,61.9,59.6,3689.24,AAA00030,3650,3700,0,0,0,498,399,3,2,112,3650
394,R1026,44,71,90,68.1,55,3745.5,AAN00043,3700,3750,0,0,0,498,399,3,2,14,3700
395,C7000,154,129,270,26.2,142.3,3728.26,AAX00035,3700,3750,0,0,0,498,399,3,2,49,3700
396,R1026,61,293,90,68.1,55,3745.5,AAN00043,3700,3750,0,0,0,498,399,3,1,19,3700
397,R1026,2,63,90,68.1,55,3745.5,AAN00043,3700,3750,0,0,0,498,399,3,2,13,3700
398,C7000,454,128,270,26.2,142.3,3728.26,AAX00035,3700,3750,0,0,0,498,399,3,2,49,3700
399,FL7000,66,140,270,27.55,137.9,3799.145,AAC00025,3750,3800,0,0,0,498,399,3,2,21,3750
400,R1093,204,275,270,48.475,77.65,3764.08375,AAY00051,3750,3800,0,0,0,498,399,3,1,65,3750
401,FL7000,198,275,270,27.55,137.9,3799.145,AAC00025,3750,3800,0,0,0,498,399,3,1,63,3750
402,C7001,45,153,180,27.6,136.35,3763.26,AAY00036,3750,3800,0,0,0,498,399,3,2,12,3750
403,C7001,197,84,180,27.6,136.35,3763.26,AAY00036,3750,3800,0,0,0,498,399,3,2,12,3750
404,C7001,466,262,180,27.6,136.35,3763.26,AAY00036,3750,3800,0,0,0,498,399,3,1,148,3750
405,R1025,446,39,0,67.7,56.5,3825.05,AAM00042,3800,3850,0,0,0,498,399,3,2,142,3800
406,C1015,360,13,270,65.625,58.275,3824.296875,AAV00019,3800,3850,0,0,0,498,399,3,2,114,3800
407,C1015,265,238,270,65.625,58.275,3824.296875,AAV00019,3800,3850,0,0,0,498,399,3,1,84,3800
408,R1025,411,104,0,67.7,56.5,3825.05,AAM00042,3800,3850,0,0,0,498,399,3,2,141,3800
409,R1025,160,231,0,67.7,56.5,3825.05,AAM00042,3800,3850,0,0,0,498,399,3,1,51,3800
410,C8000,237,381,180,34.325,111.375,3822.946875,AAG00025,3800,3850,0,0,0,498,399,3,1,75,3800
411,C8009,419,48,0,33.525,116.1,3892.2525,AAM00031,3850,3900,0,0,0,498,399,3,2,133,3850
412,FL7008,400,70,0,31.7,122,3867.4,AAK00033,3850,3900,0,0,0,498,399,3,2,127,3850
413,FL7008,208,95,0,31.7,122,3867.4,AAK00033,3850,3900,0,0,0,498,399,3,2,126,3850
414,C8044,297,7,180,34.325,113.525,3896.745625,AAY00040,3850,3900,0,0,0,498,399,3,2,94,3850
415,IC7000,214,20,0,30.675,128.075,3928.700625,AAG00030,3900,3950,0,0,0,498,399,3,2,68,3900
416,IC7000,219,28,0,30.675,128.075,3928.700625,AAG00030,3900,3950,0,0,0,498,399,3,2,67,3900
417,IC7000,48,75,0,30.675,128.075,3928.700625,AAG00030,3900,3950,0,0,0,498,399,3,2,67,3900
418,C10052,112,97,90,33.35,118.6,3955.31,AAF00046,3950,4000,0,0,0,498,399,3,2,35,3950
419,C1000,343,318,0,70.85,56.05,3971.1425,AAD00004,3950,4000,0,0,0,498,399,3,1,109,3950
420,C10052,347,28,90,33.35,118.6,3955.31,AAF00046,3950,4000,0,0,0,498,399,3,2,34,3950
421,C1000,285,98,0,70.85,56.05,3971.1425,AAD00004,3950,4000,0,0,0,498,399,3,2,90,3950
422,C7008,29,69,270,30.375,133.25,4047.46875,AAE00021,4000,4050,0,0,0,498,399,3,2,9,4000
423,C7008,236,60,270,30.375,133.25,4047.46875,AAE00021,4000,4050,0,0,0,498,399,3,2,9,4000
424,C8012,134,218,0,35.025,114.35,4005.10875,AAR00034,4000,4050,0,0,0,498,399,3,1,42,4000
425,C8012,5,32,0,35.025,114.35,4005.10875,AAR00034,4000,4050,0,0,0,498,399,3,2,1,4000
426,CE1000,237,291,270,39.65,101.1,4008.615,AAF00027,4000,4050,0,0,0,498,399,3,1,75,4000
427,C11043,123,64,270,47.25,85.6,4044.6,AAP00057,4000,4050,0,0,0,498,399,3,2,39,4000
428,C10024,421,194,0,29.25,138.55,4052.5875,AAE00044,4050,4100,0,0,0,498,399,3,2,134,4050
429,R1062,287,117,180,52.65,77.4,4075.11,AAD00034,4050,4100,0,0,0,498,399,3,2,91,4050
430,C8020,386,47,0,37.25,109.45,4077.0125,AAB00021,4050,4100,0,0,0,498,399,3,2,123,4050
431,C8020,296,36,0,37.25,109.45,4077.0125,AAB00021,4050,4100,0,0,0,498,399,3,2,123,4050
432,C10024,389,124,0,29.25,138.55,4052.5875,AAE00044,4050,4100,0,0,0,498,399,3,2,134,4050
433,R1062,383,173,180,52.65,77.4,4075.11,AAD00034,4050,4100,0,0,0,498,399,3,2,90,4050
434,C10036,177,48,180,31.7,128.2,4063.94,AAM00052,4050,4100,0,0,0,498,399,3,2,56,4050
435,C10024,147,269,0,29.25,138.55,4052.5875,AAE00044,4050,4100,0,0,0,498,399,3,1,46,4050
436,C10036,409,106,180,31.7,128.2,4063.94,AAM00052,4050,4100,0,0,0,498,399,3,2,55,4050
437,FL7010,18,300,0,33.375,124,4138.5,AAM00035,4100,4150,0,0,0,498,399,3,1,5,4100
438,FL7010,497,344,0,33.375,124,4138.5,AAM00035,4100,4150,0,0,0,498,399,3,1,4,4100
439,FL8005,49,25,90,36.025,115.675,4167.191875,AAV00041,4150,4200,0,0,0,498,399,3,2,15,4150
440,C7002,326,41,90,33.025,126.675,4183.441875,AAZ00037,4150,4200,0,0,0,498,399,3,2,104,4150
441,L8021,239,354,0,35.5,117.15,4158.825,AAU00044,4150,4200,0,0,0,498,399,3,1,76,4150
442,C8011,428,184,0,34.8,120.475,4192.53,AAP00033,4150,4200,0,0,0,498,399,3,2,136,4150
443,C1004,160,139,180,67.7,61.35,4153.395,AAH00008,4150,4200,0,0,0,498,399,3,2,51,4150
444,C1074,202,130,90,51.05,81.525,4161.85125,AAG00008,4150,4200,0,0,0,498,399,3,2,64,4150
445,C8011,274,227,0,34.8,120.475,4192.53,AAP00033,4150,4200,0,0,0,498,399,3,1,87,4150
446,C1004,392,206,180,67.7,61.35,4153.395,AAH00008,4150,4200,0,0,0,498,399,3,1,125,4150
447,C8022,101,261,90,35.75,118.05,4220.2875,AAD00023,4200,4250,0,0,0,498,399,3,1,32,4200
448,C7023,311,66,0,34.4,122.275,4206.26,AAR00032,4200,4250,0,0,0,498,399,3,2,99,4200
449,C7004,310,397,0,33.25,127.525,4240.20625,AAB00018,4200,4250,0,0,0,498,399,3,1,98,4200
450,ZD1004,10,330,270,47.2,90,4248,AAI00047,4200,4250,0,0,0,498,399,3,1,3,4200
451,C8022,416,123,90,35.75,118.05,4220.2875,AAD00023,4200,4250,0,0,0,498,399,3,2,132,4200
452,ZD1004,263,275,270,47.2,90,4248,AAI00047,4200,4250,0,0,0,498,399,3,1,2,4200
453,C1071,307,139,90,61.15,68.95,4216.2925,AAE00006,4200,4250,0,0,0,498,399,3,2,98,4200
454,R1096,448,18,0,49.3,85.9,4234.87,AAB00033,4200,4250,0,0,0,498,399,3,2,143,4200
455,ZD1004,85,89,270,47.2,90,4248,AAI00047,4200,4250,0,0,0,498,399,3,2,27,4200
456,C7023,236,346,0,34.4,122.275,4206.26,AAR00032,4200,4250,0,0,0,498,399,3,1,73,4200
457,C8015,300,208,0,35.5,119.05,4226.275,AAV00037,4200,4250,0,0,0,498,399,3,1,95,4200
458,Q1018,222,55,90,45.75,93.25,4266.1875,AAU00045,4250,4300,0,0,0,474,391,3,2,74,4250
459,C10029,95,228,0,31.05,137.25,4261.6125,AAH00047,4250,4300,0,0,0,498,399,3,1,30,4250
460,C14030,280,47,0,28.45,150.4,4278.88,AAU00023,4250,4300,0,0,0,498,399,3,2,87,4250
461,C7003,232,49,90,33.85,126.35,4276.9475,AAA00017,4250,4300,0,0,0,498,399,3,2,74,4250
462,L7005,333,156,90,30,143.675,4310.25,AAM00037,4300,4350,0,0,0,498,399,3,2,106,4300
463,C7006,130,254,90,33.7,128.425,4327.9225,AAD00020,4300,4350,0,0,0,498,399,3,1,41,4300
464,L7005,28,18,90,30,143.675,4310.25,AAM00037,4300,4350,0,0,0,498,399,3,2,105,4300
465,R1095,255,136,180,51.125,84.4,4314.95,AAA00032,4300,4350,0,0,0,498,399,3,2,81,4300
466,R1095,27,56,180,51.125,84.4,4314.95,AAA00032,4300,4350,0,0,0,498,399,3,2,80,4300
467,R1095,274,205,180,51.125,84.4,4314.95,AAA00032,4300,4350,0,0,0,498,399,3,1,85,4300
468,L8005,137,18,270,38.05,113.85,4331.9925,AAE00031,4300,4350,0,0,0,498,399,3,2,43,4300
469,L8005,251,330,270,38.05,113.85,4331.9925,AAE00031,4300,4350,0,0,0,498,399,3,1,80,4300
470,L7024,436,157,270,34.75,124.55,4328.1125,AAA00026,4300,4350,0,0,0,498,399,3,2,139,4300
471,L7053,97,299,90,30,145.575,4367.25,AAN00039,4350,4400,0,0,0,498,399,3,1,30,4350
472,C1081,112,235,0,57.125,76.3,4358.6375,AAM00014,4350,4400,0,0,0,498,399,3,1,35,4350
473,L7053,107,118,90,30,145.575,4367.25,AAN00039,4350,4400,0,0,0,498,399,3,2,34,4350
474,L7023,428,267,270,35.35,123.1,4351.585,AAZ00046,4350,4400,0,0,0,498,399,3,1,134,4350
475,R1028,476,81,270,48.55,90,4369.5,AAR00045,4350,4400,0,0,0,498,399,3,2,151,4350
476,C7005,39,126,90,33.7,129.475,4363.3075,AAC00019,4350,4400,0,0,0,498,399,3,2,12,4350
477,L7053,482,85,90,30,145.575,4367.25,AAN00039,4350,4400,0,0,0,498,399,3,2,33,4350
478,L7053,333,251,90,30,145.575,4367.25,AAN00039,4350,4400,0,0,0,498,399,3,1,30,4350
479,C7024,112,112,0,35.65,124.3,4431.295,AAS00033,4400,4450,0,0,0,498,399,3,2,35,4400
480,C10040,50,148,0,34.65,128.3,4445.595,AAR00055,4400,4450,0,0,0,498,399,3,2,16,4400
481,L7006,118,223,180,30.975,143.6,4448.01,AAN00038,4400,4450,0,0,0,498,399,3,1,37,4400
482,IC1001,64,178,270,54.55,82.375,4493.55625,AAA00024,4450,4500,0,0,0,351,371,3,2,28,4450
483,L14009,57,311,90,29.8,150,4470,AAJ00034,4450,4500,0,0,0,474,391,3,1,19,4450
484,IC1001,266,147,270,54.55,82.375,4493.55625,AAA00024,4450,4500,0,0,0,498,399,3,2,27,4450
485,L8007,353,165,0,36.95,120.475,4451.55125,AAG00033,4450,4500,0,0,0,498,399,3,2,112,4450
486,IC1001,278,329,270,54.55,82.375,4493.55625,AAA00024,4450,4500,0,0,0,498,399,3,1,88,4450
487,C8038,68,320,0,36.925,121.45,4484.54125,AAP00034,4450,4500,0,0,0,498,399,3,1,21,4450
488,L14009,459,179,90,29.8,150,4470,AAJ00034,4450,4500,0,0,0,498,399,3,2,146,4450
489,C1076,20,186,0,57.125,78.4,4478.6,AAI00010,4450,4500,0,0,0,498,399,3,2,6,4450
490,C8038,361,172,0,36.925,121.45,4484.54125,AAP00034,4450,4500,0,0,0,498,399,3,2,115,4450
491,FL8002,397,348,0,38.7,115.4,4465.98,AAR00038,4450,4500,0,0,0,498,399,3,1,126,4450
492,C10011,402,353,270,31,144.8,4488.8,AAV00057,4450,4500,0,0,0,498,399,3,1,128,4450
493,FL7003,269,145,180,30.6,147.125,4502.025,AAF00028,4500,4550,0,0,0,498,399,3,2,85,4500
494,R1116,266,122,0,52.825,85.9,4537.6675,AAP00046,4500,4550,0,0,0,498,399,3,2,84,4500
495,C8039,180,237,0,36.925,122.675,4529.774375,AAR00035,4500,4550,0,0,0,498,399,3,1,57,4500
496,FL7003,299,238,180,30.6,147.125,4502.025,AAF00028,4500,4550,0,0,0,498,399,3,1,95,4500
497,C8039,429,311,0,36.925,122.675,4529.774375,AAR00035,4500,4550,0,0,0,498,399,3,1,56,4500
498,R1029,267,256,270,46.95,96.075,4510.72125,AAS00046,4500,4550,0,0,0,498,399,3,1,85,4500
499,L7057,14,380,90,33.4,136.9,4572.46,AAU00043,4550,4600,0,0,0,351,391,3,1,6,4550
500,C7028,81,144,270,36.55,124.55,4552.3025,AAX00036,4550,4600,0,0,0,498,399,3,2,25,4550
501,C1082,207,21,0,57.1,79.95,4565.145,AAN00015,4550,4600,0,0,0,498,399,3,2,66,4550
502,L7010,101,51,270,31.9,143.025,4562.4975,AAR00040,4550,4600,0,0,0,498,399,3,2,32,4550
503,L8006,472,199,0,38.3,118.8,4550.04,AAF00032,4550,4600,0,0,0,498,399,3,2,150,4550
504,R8006,313,288,270,38.95,117.4,4572.73,AAF00042,4550,4600,0,0,0,498,399,4,1,114,4550
505,L7057,151,278,90,33.4,136.9,4572.46,AAU00043,4550,4600,0,0,0,498,399,4,1,55,4550
506,R8006,286,96,270,38.95,117.4,4572.73,AAF00042,4550,4600,0,0,0,498,399,4,2,104,4550
507,C7028,384,261,270,36.55,124.55,4552.3025,AAX00036,4550,4600,0,0,0,498,399,4,1,140,4550
508,L7057,319,323,90,33.4,136.9,4572.46,AAU00043,4550,4600,0,0,0,498,399,4,1,54,4550
509,R8006,230,127,270,38.95,117.4,4572.73,AAF00042,4550,4600,0,0,0,498,399,4,2,103,4550
510,C7011,279,232,270,34.5,132.8,4581.6,AAH00024,4550,4600,0,0,0,498,399,4,1,101,4550
511,C7028,189,138,270,36.55,124.55,4552.3025,AAX00036,4550,4600,0,0,0,498,399,4,2,69,4550
512,FL8006,362,324,0,40.9,111.25,4550.125,AAX00042,4550,4600,0,0,0,498,399,4,1,132,4550
513,C10050,132,321,0,37.2,124.55,4633.26,AAD00044,4600,4650,0,0,0,498,399,4,1,48,4600
514,R1077,219,98,90,46.95,98.65,4631.6175,AAK00041,4600,4650,0,0,0,498,399,4,2,80,4600
515,R1077,135,112,90,46.95,98.65,4631.6175,AAK00041,4600,4650,0,0,0,498,399,4,2,79,4600
516,R1077,325,170,90,46.95,98.65,4631.6175,AAK00041,4600,4650,0,0,0,498,399,4,2,79,4600
517,FL8001,37,254,0,40.75,113.5,4625.125,AAP00037,4600,4650,0,0,0,498,399,4,1,13,4600
518,C10050,412,273,0,37.2,124.55,4633.26,AAD00044,4600,4650,0,0,0,498,399,4,1,47,4600
519,C8017,347,229,90,40.2,116.55,4685.31,AAY00039,4650,4700,0,0,0,498,391,4,1,126,4650
520,C8013,353,255,0,39.95,117.55,4696.1225,AAS00035,4650,4700,0,0,0,498,399,4,1,129,4650
521,ZD1003,429,54,90,45.8,101.85,4664.73,AAH00046,4650,4700,0,0,0,498,399,4,2,156,4650
522,FL7004,75,381,0,32.125,145.25,4666.15625,AAG00029,4650,4700,0,0,0,498,399,4,1,27,4650
523,L1000,171,13,180,69.5,67.05,4659.975,AAN00037,4650,4700,0,0,0,498,399,4,2,62,4650
524,C8017,396,37,90,40.2,116.55,4685.31,AAY00039,4650,4700,0,0,0,498,399,4,2,144,4650
525,L1000,255,143,180,69.5,67.05,4659.975,AAN00037,4650,4700,0,0,0,498,399,4,2,61,4650
526,ZD1003,179,378,90,45.8,101.85,4664.73,AAH00046,4650,4700,0,0,0,498,399,4,1,65,4650
527,C8017,127,317,90,40.2,116.55,4685.31,AAY00039,4650,4700,0,0,0,498,399,4,1,125,4650
528,FL7004,65,219,0,32.125,145.25,4666.15625,AAG00029,4650,4700,0,0,0,498,399,4,1,26,4650
529,L7020,43,391,0,32.15,147.45,4740.5175,AAY00045,4700,4750,0,0,0,351,391,4,1,22,4700
530,L8001,279,99,90,42.35,111.3,4713.555,AAC00029,4700,4750,0,0,0,498,399,4,2,101,4700
531,L8001,25,291,90,42.35,111.3,4713.555,AAC00029,4700,4750,0,0,0,498,399,4,1,9,4700
532,L7020,442,357,0,32.15,147.45,4740.5175,AAY00045,4700,4750,0,0,0,498,399,4,1,21,4700
533,C7031,430,84,90,34.525,136.85,4724.74625,AAZ00038,4700,4750,0,0,0,498,399,4,2,157,4700
534,C10009,244,136,90,32.35,145.35,4702.0725,AAS00055,4700,4750,0,0,0,498,399,4,2,89,4700
535,C10009,102,98,90,32.35,145.35,4702.0725,AAS00055,4700,4750,0,0,0,498,399,4,2,88,4700
536,C7031,297,41,90,34.525,136.85,4724.74625,AAZ00038,4700,4750,0,0,0,498,399,4,2,156,4700
537,C7031,472,36,90,34.525,136.85,4724.74625,AAZ00038,4700,4750,0,0,0,498,399,4,2,156,4700
538,C7031,100,190,90,34.525,136.85,4724.74625,AAZ00038,4700,4750,0,0,0,498,399,4,2,156,4700
539,Q1017,161,225,270,51.95,90.85,4719.6575,AAS00044,4700,4750,0,0,0,498,399,4,1,58,4700
540,L8013,294,249,90,39.8,118.5,4716.3,AAJ00036,4700,4750,0,0,0,498,399,4,1,107,4700
541,C10048,316,149,270,41.6,113.2,4709.12,AAB00042,4700,4750,0,0,0,498,399,4,2,115,4700
542,C10009,83,294,90,32.35,145.35,4702.0725,AAS00055,4700,4750,0,0,0,498,399,4,1,30,4700
543,L7020,264,289,0,32.15,147.45,4740.5175,AAY00045,4700,4750,0,0,0,498,399,4,1,21,4700
544,R1058,267,65,90,84.2,56.225,4734.145,AAC00033,4700,4750,0,0,0,498,399,4,2,97,4700
545,L7040,136,69,270,38.05,125.4,4771.47,AAH00033,4750,4800,0,0,0,498,399,4,2,49,4750
546,L7040,182,182,270,38.05,125.4,4771.47,AAH00033,4750,4800,0,0,0,498,399,4,2,48,4750
547,L7032,184,144,0,33.9,141.1,4783.29,AAB00027,4750,4800,0,0,0,498,399,4,2,67,4750
548,R1097,151,136,180,85.6,55.85,4780.76,AAC00034,4750,4800,0,0,0,498,399,4,2,55,4750
549,L1010,419,397,270,58.25,81.9,4770.675,AAS00040,4750,4800,0,0,0,498,399,4,1,153,4750
550,FL7009,473,358,0,34.15,139.45,4762.2175,AAL00034,4750,4800,0,0,0,498,399,4,1,172,4750
551,C11080,232,89,0,57.25,83.75,4794.6875,AAA00044,4750,4800,0,0,0,498,399,4,2,84,4750
552,L7040,487,318,270,38.05,125.4,4771.47,AAH00033,4750,4800,0,0,0,498,399,4,1,177,4750
553,C11080,486,372,0,57.25,83.75,4794.6875,AAA00044,4750,4800,0,0,0,498,399,4,1,177,4750
554,C11080,125,140,0,57.25,83.75,4794.6875,AAA00044,4750,4800,0,0,0,498,399,4,2,83,4750
555,R1097,322,29,180,85.6,55.85,4780.76,AAC00034,4750,4800,0,0,0,498,399,4,2,54,4750
556,C8018,397,89,90,41.3,116.55,4813.515,AAZ00040,4800,4850,0,0,0,498,399,4,2,145,4800
557,C10046,424,334,90,41.85,115.75,4844.1375,AAZ00061,4800,4850,0,0,0,498,399,4,1,154,4800
558,C10046,280,369,90,41.85,115.75,4844.1375,AAZ00061,4800,4850,0,0,0,498,399,4,1,153,4800
559,C10046,196,331,90,41.85,115.75,4844.1375,AAZ00061,4800,4850,0,0,0,498,399,4,1,153,4800
560,C7043,333,168,270,38.05,127.3,4843.765,AAJ00027,4800,4850,0,0,0,498,399,4,2,121,4800
561,C8014,375,358,0,41.05,117.55,4825.4275,AAU00036,4800,4850,0,0,0,498,399,4,1,137,4800
562,C10046,24,154,90,41.85,115.75,4844.1375,AAZ00061,4800,4850,0,0,0,498,399,4,2,8,4800
563,R1094,114,76,0,57.55,83.85,4825.5675,AAZ00052,4800,4850,0,0,0,498,399,4,2,41,4800
564,L7012,233,320,270,36.05,135.3,4877.565,AAS00041,4850,4900,0,0,0,498,399,4,1,85,4850
565,L7012,348,32,270,36.05,135.3,4877.565,AAS00041,4850,4900,0,0,0,498,399,4,2,127,4850
566,C8025,82,383,90,43.8,111.5,4883.7,AAE00024,4850,4900,0,0,0,498,399,4,1,29,4850
567,Q1005,87,279,90,49.875,97.25,4850.34375,AAG00034,4850,4900,0,0,0,498,399,4,1,31,4850
568,C8019,18,186,90,42.35,114.65,4855.4275,AAA00020,4850,4900,0,0,0,498,399,4,2,6,4850
569,L7055,451,320,0,35.8,136.275,4878.645,AAR00041,4850,4900,0,0,0,498,399,4,1,164,4850
570,Q1005,202,334,90,49.875,97.25,4850.34375,AAG00034,4850,4900,0,0,0,498,399,4,1,30,4850
571,L7055,302,180,0,35.8,136.275,4878.645,AAR00041,4850,4900,0,0,0,498,399,4,2,110,4850
572,Q1005,434,122,90,49.875,97.25,4850.34375,AAG00034,4850,4900,0,0,0,498,399,4,2,158,4850
573,C3105,189,379,0,52.55,93.8,4929.19,AAH00019,4900,4950,0,0,0,474,391,4,1,72,4900
574,C8016,84,182,180,42.6,115.7,4928.82,AAX00038,4900,4950,0,0,0,498,399,4,2,30,4900
575,Q1015,51,240,270,48.15,101.85,4904.0775,AAP00042,4900,4950,0,0,0,498,399,4,1,18,4900
576,L7017,28,346,270,39.125,125.4,4906.275,AAX00044,4900,4950,0,0,0,498,399,4,1,10,4900
577,L7017,361,369,270,39.125,125.4,4906.275,AAX00044,4900,4950,0,0,0,498,399,4,1,9,4900
578,L7009,282,87,90,33.975,144.925,4923.826875,AAP00039,4900,4950,0,0,0,498,399,4,2,103,4900
579,L7017,337,398,270,39.125,125.4,4906.275,AAX00044,4900,4950,0,0,0,498,399,4,1,9,4900
580,C10006,96,158,90,33.85,145.35,4920.0975,AAN00052,4900,4950,0,0,0,498,399,4,2,35,4900
581,C8016,319,245,180,42.6,115.7,4928.82,AAX00038,4900,4950,0,0,0,498,399,4,1,116,4900
582,R1084,96,108,90,81.725,59.975,4901.456875,AAP00045,4900,4950,0,0,0,498,399,4,2,35,4900
583,L7009,274,229,90,33.975,144.925,4923.826875,AAP00039,4900,4950,0,0,0,498,399,4,1,100,4900
584,C10006,353,363,90,33.85,145.35,4920.0975,AAN00052,4900,4950,0,0,0,498,399,4,1,129,4900
585,ZD1002,21,116,270,65.625,74.85,4912.03125,AAG00045,4900,4950,0,0,0,498,399,4,2,7,4900
586,L7017,1,324,270,39.125,125.4,4906.275,AAX00044,4900,4950,0,0,0,498,399,4,1,9,4900
587,C8016,84,156,180,42.6,115.7,4928.82,AAX00038,4900,4950,0,0,0,498,399,4,2,29,4900
588,Q1015,79,330,270,48.15,101.85,4904.0775,AAP00042,4900,4950,0,0,0,498,399,4,1,17,4900
589,C8016,106,341,180,42.6,115.7,4928.82,AAX00038,4900,4950,0,0,0,498,399,4,1,115,4900
590,L8015,380,60,90,42.35,116.75,4944.3625,AAL00038,4900,4950,0,0,0,498,399,4,2,138,4900
591,R1084,300,195,90,81.725,59.975,4901.456875,AAP00045,4900,4950,0,0,0,498,399,4,2,35,4900
592,C7045,124,14,180,34.1,145.825,4972.6325,AAL00029,4950,5000,0,0,0,498,399,4,2,45,4950
593,C8027,374,32,90,43.5,114.65,4987.275,AAG00026,4950,5000,0,0,0,498,399,4,2,136,4950
594,C7045,40,7,180,34.1,145.825,4972.6325,AAL00029,4950,5000,0,0,0,498,399,4,2,44,4950
595,C1092,302,200,180,84.375,59.225,4997.109375,AAN00055,4950,5000,0,0,0,498,399,4,1,110,4950
596,C1022,141,100,90,55.1,90.05,4961.755,AAZ00022,4950,5000,0,0,0,498,399,4,2,51,4950
597,R1076,186,32,270,47.4,104.9,4972.26,AAJ00040,4950,5000,0,0,0,498,399,4,2,67,4950
598,C7045,61,176,180,34.1,145.825,4972.6325,AAL00029,4950,5000,0,0,0,498,399,4,2,44,4950
599,C7046,203,337,180,34.1,146.525,4996.5025,AAM00030,4950,5000,0,0,0,498,399,4,1,74,4950
600,IC8000,371,82,180,40.95,121.75,4985.6625,AAJ00033,4950,5000,0,0,0,498,399,4,2,135,4950
601,L7016,105,182,270,39.975,125.4,5012.865,AAV00043,5000,5050,0,0,0,498,399,4,2,38,5000
602,L7016,412,218,270,39.975,125.4,5012.865,AAV00043,5000,5050,0,0,0,498,399,4,1,150,5000
603,L7016,253,183,270,39.975,125.4,5012.865,AAV00043,5000,5050,0,0,0,498,399,4,2,37,5000
604,C11024,363,137,270,57.65,86.95,5012.6675,AAH00050,5000,5050,0,0,0,498,399,4,2,132,5000
605,C10047,148,118,90,43.3,116.05,5024.965,AAA00041,5000,5050,0,0,0,498,399,4,2,54,5000
606,L7016,92,363,270,39.975,125.4,5012.865,AAV00043,5000,5050,0,0,0,498,399,4,1,149,5000
607,L7000,189,129,180,36.3,139.6,5067.48,AAK00035,5050,5100,0,0,0,498,399,4,2,69,5050
608,C7013,64,132,270,39.725,127.3,5056.9925,AAJ00026,5050,5100,0,0,0,498,399,4,2,23,5050
609,C11034,422,351,90,62.25,81.85,5095.1625,AAK00053,5050,5100,0,0,0,498,399,4,1,154,5050
610,L7060,13,299,270,35.2,143.775,5060.88,AAY00046,5050,5100,0,0,0,498,399,4,1,4,5050
611,C7009,450,287,180,34.925,144.675,5052.774375,AAF00022,5050,5100,0,0,0,498,399,4,1,164,5050
612,L7000,472,356,180,36.3,139.6,5067.48,AAK00035,5050,5100,0,0,0,498,399,4,1,172,5050
613,L8019,376,209,90,43.5,116.75,5078.625,AAR00042,5050,5100,0,0,0,498,399,4,1,137,5050
614,L7060,403,345,270,35.2,143.775,5060.88,AAY00046,5050,5100,0,0,0,498,399,4,1,3,5050
615,C3107,38,171,180,54.5,93.7,5106.65,AAJ00021,5100,5150,0,0,0,351,171,4,1,19,5100
616,C7010,138,29,180,38.9,132.05,5136.745,AAG00023,5100,5150,0,0,0,498,399,4,2,50,5100
617,R1001,288,7,90,68.6,75.3,5165.58,AAV00047,5150,5200,0,0,0,498,399,4,2,105,5150
618,C3113,75,201,180,54.45,95.4,5194.53,AAR00027,5150,5200,0,0,0,498,399,4,1,27,5150
619,L7042,248,48,270,37.575,137.2,5155.29,AAI00034,5150,5200,0,0,0,498,399,4,2,90,5150
620,C7017,235,170,0,40.75,127.1,5179.325,AAL00028,5150,5200,0,0,0,498,399,4,2,85,5150
621,C7020,171,305,270,37.15,139.85,5195.4275,AAN00030,5150,5200,0,0,0,498,399,4,1,62,5150
622,C7021,432,207,0,37.325,138.05,5152.71625,AAP00031,5150,5200,0,0,0,498,399,4,1,157,5150
623,Q1022,114,93,180,57.55,90.35,5199.6425,AAY00048,5150,5200,0,0,0,498,399,4,2,41,5150
624,L7042,223,128,270,37.575,137.2,5155.29,AAI00034,5150,5200,0,0,0,498,399,4,2,89,5150
625,IC7002,263,98,90,35.825,146.4,5244.78,AAI00032,5200,5250,0,0,0,474,391,4,2,100,5200
626,C8041,383,312,90,46.05,113.75,5238.1875,AAU00037,5200,5250,0,0,0,498,399,4,1,139,5200
627,C8041,175,335,90,46.05,113.75,5238.1875,AAU00037,5200,5250,0,0,0,498,399,4,1,138,5200
628,C8041,307,337,90,46.05,113.75,5238.1875,AAU00037,5200,5250,0,0,0,498,399,4,1,138,5200
629,R1106,35,283,270,66.125,78.925,5218.915625,AAF00037,5200,5250,0,0,0,498,399,4,1,12,5200
630,L7002,109,232,180,36.225,143.725,5206.438125,AAL00036,5200,5250,0,0,0,498,399,4,1,39,5200
631,C8041,154,70,90,46.05,113.75,5238.1875,AAU00037,5200,5250,0,0,0,498,399,4,2,56,5200
632,C7016,119,380,270,41,128.05,5250.05,AAK00027,5250,5300,0,0,0,498,399,4,1,43,5250
633,C4013,306,357,90,51.85,101.6,5267.96,AAU00032,5250,5300,0,0,0,498,399,4,1,111,5250
634,R1069,29,324,270,61.975,85.125,5275.621875,AAG00037,5250,5300,0,0,0,498,399,4,1,10,5250
635,R1069,477,38,270,61.975,85.125,5275.621875,AAG00037,5250,5300,0,0,0,498,399,4,2,174,5250
636,R1069,193,32,270,61.975,85.125,5275.621875,AAG00037,5250,5300,0,0,0,498,399,4,2,173,5250
637,C4019,109,304,270,53.075,99.2,5265.04,AAB00017,5250,5300,0,0,0,498,399,4,1,39,5250
638,C4013,498,289,90,51.85,101.6,5267.96,AAU00032,5250,5300,0,0,0,498,399,4,1,110,5250
639,C4013,335,202,90,51.85,101.6,5267.96,AAU00032,5250,5300,0,0,0,498,399,4,1,110,5250
640,C4019,211,122,270,53.075,99.2,5265.04,AAB00017,5250,5300,0,0,0,498,399,4,2,77,5250
641,C1073,87,361,180,49.675,107.25,5327.64375,AAF00007,5300,5350,0,0,0,498,399,4,1,31,5300
642,C1073,158,28,180,49.675,107.25,5327.64375,AAF00007,5300,5350,0,0,0,498,399,4,2,57,5300
643,R1009,341,374,90,70.55,75.3,5312.415,AAE00034,5300,5350,0,0,0,498,399,4,1,124,5300
644,L7059,413,91,270,38.825,136.55,5301.55375,AAX00045,5300,5350,0,0,0,498,399,4,2,150,5300
645,R1009,313,297,90,70.55,75.3,5312.415,AAE00034,5300,5350,0,0,0,498,399,4,1,123,5300
646,FB8001,417,266,0,46.1,116.05,5349.905,AAY00042,5300,5350,0,0,0,498,399,4,1,152,5300
647,FL7001,10,69,180,45.5,117.7,5355.35,AAD00026,5350,5400,0,0,0,498,399,4,2,3,5350
648,C3099,181,20,270,58,93.8,5440.4,AAB00013,5400,5450,0,0,0,498,399,4,2,66,5400
649,C3117,41,110,180,54.55,99.65,5435.9075,AAX00031,5400,5450,0,0,0,498,399,4,2,14,5400
650,C3099,119,139,270,58,93.8,5440.4,AAB00013,5400,5450,0,0,0,498,399,4,2,65,5400
651,C8034,208,292,180,45.45,119.25,5419.9125,AAK00030,5400,5450,0,0,0,498,399,4,1,76,5400
652,C8035,215,205,180,45.15,120.3,5431.545,AAL00031,5400,5450,0,0,0,498,399,4,1,78,5400
653,C11020,184,352,180,78.7,69.05,5434.235,AAS00018,5400,5450,0,0,0,498,399,4,1,67,5400
654,C4029,460,252,270,57.1,95.4,5447.34,AAL00027,5400,5450,0,0,0,498,399,4,1,168,5400
655,C7054,43,260,0,39.675,136.825,5428.531875,AAV00036,5400,5450,0,0,0,498,399,4,1,15,5400
656,R1105,220,307,90,66.575,82.55,5495.76625,AAE00036,5450,5500,0,0,0,474,391,4,1,84,5450
657,C1090,2,1,180,83.625,65.275,5458.621875,AAL00053,5450,5500,0,0,0,498,399,4,2,1,5450
658,L7039,103,104,90,37.35,147,5490.45,AAG00032,5450,5500,0,0,0,498,399,4,2,37,5450
659,C4009,178,1,180,54.55,100.7,5493.185,AAN00028,5450,5500,0,0,0,498,399,4,2,65,5450
660,R1008,304,17,270,72.5,75.3,5459.25,AAD00033,5450,5500,0,0,0,498,399,4,2,111,5450
661,R1008,276,255,270,72.5,75.3,5459.25,AAD00033,5450,5500,0,0,0,498,399,4,1,98,5450
662,C4009,7,153,180,54.55,100.7,5493.185,AAN00028,5450,5500,0,0,0,498,399,4,2,64,5450
663,R1031,357,231,270,61.1,89.7,5480.67,AAU00047,5450,5500,0,0,0,498,399,4,1,130,5450
664,R1105,154,49,90,66.575,82.55,5495.76625,AAE00036,5450,5500,0,0,0,498,399,4,2,57,5450
665,C1090,350,288,180,83.625,65.275,5458.621875,AAL00053,5450,5500,0,0,0,498,399,4,1,127,5450
666,C4009,265,80,180,54.55,100.7,5493.185,AAN00028,5450,5500,0,0,0,498,399,4,2,64,5450
667,C1090,138,42,180,83.625,65.275,5458.621875,AAL00053,5450,5500,0,0,0,498,399,4,2,0,5450
668,L7039,246,232,90,37.35,147,5490.45,AAG00032,5450,5500,0,0,0,498,399,4,1,89,5450
669,R1081,479,133,90,70.025,78.925,5526.723125,AAN00044,5500,5550,0,0,0,498,399,4,2,175,5500
670,C11022,68,318,270,63.35,87.35,5533.6225,AAG00049,5500,5550,0,0,0,498,399,4,1,24,5500
671,R1081,6,1,90,70.025,78.925,5526.723125,AAN00044,5500,5550,0,0,0,498,399,4,2,174,5500
672,R1081,143,21,90,70.025,78.925,5526.723125,AAN00044,5500,5550,0,0,0,498,399,4,2,174,5500
673,C4012,214,203,180,54.05,102.1,5518.505,AAS00031,5500,5550,0,0,0,498,399,4,1,78,5500
674,R1081,308,68,90,70.025,78.925,5526.723125,AAN00044,5500,5550,0,0,0,498,399,4,2,174,5500
675,C4012,138,306,180,54.05,102.1,5518.505,AAS00031,5500,5550,0,0,0,498,399,4,1,78,5500
676,C11022,218,192,270,63.35,87.35,5533.6225,AAG00049,5500,5550,0,0,0,498,399,4,2,79,5500
677,R1081,13,123,90,70.025,78.925,5526.723125,AAN00044,5500,5550,0,0,0,498,399,4,2,174,5500
678,R1081,266,186,90,70.025,78.925,5526.723125,AAN00044,5500,5550,0,0,0,498,399,4,2,174,5500
679,C8040,312,181,270,45.7,122.4,5593.68,AAS00036,5550,5600,0,0,0,498,399,4,2,114,5550
680,C7038,302,115,90,40.625,137.125,5570.703125,AAF00023,5550,5600,0,0,0,498,399,4,2,108,5550
681,C8029,389,380,180,46.55,120.25,5597.6375,AAI00028,5550,5600,0,0,0,498,399,4,1,142,5550
682,C3175,251,244,270,50.225,111.9,5620.1775,AAD00018,5600,5650,0,0,0,498,399,4,1,91,5600
683,L7058,82,161,180,38.2,146.75,5605.85,AAV00044,5600,5650,0,0,0,498,399,4,2,29,5600
684,C8028,213,174,0,46.55,121.15,5639.5325,AAH00027,5600,5650,0,0,0,498,399,4,2,77,5600
685,L7036,156,209,90,44.3,127.5,5648.25,AAD00029,5600,5650,0,0,0,498,399,4,1,57,5600
686,R1080,238,82,270,71.975,78.925,5680.626875,AAM00043,5650,5700,0,0,0,498,399,4,2,86,5650
687,C7059,441,47,270,41.425,137.125,5680.403125,AAA00019,5650,5700,0,0,0,498,399,4,2,161,5650
688,C11026,237,376,180,78.65,72.25,5682.4625,AAY00022,5650,5700,0,0,0,498,399,4,1,86,5650
689,C7059,58,152,270,41.425,137.125,5680.403125,AAA00019,5650,5700,0,0,0,498,399,4,2,160,5650
690,C7036,174,261,0,44.059,128.641,5667.793819,AAE00022,5650,5700,0,0,0,498,399,4,1,63,5650
691,R1080,115,41,270,71.975,78.925,5680.626875,AAM00043,5650,5700,0,0,0,498,399,5,2,38,5650
692,C11095,440,193,180,80,71.05,5684,AAH00011,5650,5700,0,0,0,498,399,5,2,147,5650
693,R1080,110,219,270,71.975,78.925,5680.626875,AAM00043,5650,5700,0,0,0,498,399,5,1,36,5650
694,C7036,268,126,0,44.059,128.641,5667.793819,AAE00022,5650,5700,0,0,0,498,399,5,2,89,5650
695,C1027,276,14,180,64.1,89.55,5740.155,AAB00003,5700,5750,0,0,0,498,399,5,2,92,5700
696,C1027,371,251,180,64.1,89.55,5740.155,AAB00003,5700,5750,0,0,0,498,399,5,1,124,5700
697,C7035,304,336,90,44.3,129.575,5740.1725,AAD00021,5700,5750,0,0,0,498,399,5,1,101,5700
698,C11064,116,328,180,87.8,65.45,5746.51,AAF00009,5700,5750,0,0,0,498,399,5,1,38,5700
699,C1027,144,283,180,64.1,89.55,5740.155,AAB00003,5700,5750,0,0,0,498,399,5,1,123,5700
700,C11064,487,291,180,87.8,65.45,5746.51,AAF00009,5700,5750,0,0,0,498,399,5,1,37,5700
701,C11064,431,70,180,87.8,65.45,5746.51,AAF00009,5700,5750,0,0,0,498,399,5,2,144,5700
702,C8037,268,87,270,46.7,122.5,5720.75,AAN00033,5700,5750,0,0,0,498,399,5,2,89,5700
703,C11031,26,283,90,78.85,73.3,5779.705,AAB00004,5750,5800,0,0,0,498,399,5,1,8,5750
704,C11031,335,174,90,78.85,73.3,5779.705,AAB00004,5750,5800,0,0,0,498,399,5,2,112,5750
705,C11031,337,387,90,78.85,73.3,5779.705,AAB00004,5750,5800,0,0,0,498,399,5,1,7,5750
706,C4004,29,357,180,56.95,101.8,5797.51,AAI00023,5750,5800,0,0,0,498,399,5,1,9,5750
707,C11031,4,304,90,78.85,73.3,5779.705,AAB00004,5750,5800,0,0,0,498,399,5,1,7,5750
708,C11062,169,8,180,87.8,66.25,5816.75,AAD00007,5800,5850,0,0,0,351,371,5,2,80,5800
709,C3168,241,391,90,51.75,112.75,5834.8125,AAV00032,5800,5850,0,0,0,498,399,5,1,80,5800
710,C4006,108,379,180,59.3,98.25,5826.225,AAK00025,5800,5850,0,0,0,498,399,5,1,36,5800
711,C11062,395,15,180,87.8,66.25,5816.75,AAD00007,5800,5850,0,0,0,498,399,5,2,79,5800
712,C11062,385,276,180,87.8,66.25,5816.75,AAD00007,5800,5850,0,0,0,498,399,5,1,129,5800
713,C11060,2,80,180,87.8,67.05,5886.99,AAB00005,5850,5900,0,0,0,498,399,5,2,1,5850
714,Q1030,233,28,90,68.6,86.15,5909.89,AAD00032,5900,5950,0,0,0,351,371,5,2,110,5900
715,C11027,72,152,270,67.7,87.35,5913.595,AAI00051,5900,5950,0,0,0,498,399,5,2,24,5900
716,C11061,475,253,180,89.1,66.65,5938.515,AAC00006,5900,5950,0,0,0,498,399,5,1,159,5900
717,C7049,323,40,180,43.075,137.7,5931.4275,AAR00033,5900,5950,0,0,0,498,399,5,2,108,5900
718,C3164,198,187,270,52.75,112.75,5947.5625,AAP00028,5900,5950,0,0,0,498,399,5,2,66,5900
719,Q1030,444,190,90,68.6,86.15,5909.89,AAD00032,5900,5950,0,0,0,498,399,5,2,109,5900
720,C11033,258,225,180,80,74.25,5940,AAD00006,5900,5950,0,0,0,498,399,5,1,86,5900
721,C11061,141,23,180,89.1,66.65,5938.515,AAC00006,5900,5950,0,0,0,498,399,5,2,47,5900
722,C3162,107,38,270,53.75,111.1,5971.625,AAM00026,5950,6000,0,0,0,498,399,5,2,35,5950
723,Q1023,15,125,0,67.6,88.7,5996.12,AAZ00049,5950,6000,0,0,0,498,399,5,2,5,5950
724,C3162,317,188,270,53.75,111.1,5971.625,AAM00026,5950,6000,0,0,0,498,399,5,2,34,5950
725,C3162,372,277,270,53.75,111.1,5971.625,AAM00026,5950,6000,0,0,0,498,399,5,1,124,5950
726,R1088,447,267,270,66.15,89.95,5950.1925,AAU00048,5950,6000,0,0,0,498,399,5,1,149,5950
727,R1109,324,178,270,71.1,83.8,5958.18,AAH00039,5950,6000,0,0,0,498,399,5,2,108,5950
728,C7050,306,308,90,44.5,134.2,5971.9,AAS00034,5950,6000,0,0,0,498,399,5,1,102,5950
729,C11059,378,120,180,89.1,67.45,6009.795,AAA00004,6000,6050,0,0,0,498,399,5,2,126,6000
730,C1009,363,249,180,73.65,81.675,6015.36375,AAN00014,6000,6050,0,0,0,498,399,5,1,121,6000
731,R1115,216,121,90,59.45,101,6004.45,AAN00045,6000,6050,0,0,0,498,399,5,2,72,6000
732,C1009,264,95,180,73.65,81.675,6015.36375,AAN00014,6000,6050,0,0,0,498,399,5,2,88,6000
733,R1115,192,230,90,59.45,101,6004.45,AAN00045,6000,6050,0,0,0,498,399,5,1,64,6000
734,C11055,407,363,180,89.1,68.25,6081.075,AAY00023,6050,6100,0,0,0,498,399,5,1,136,6050
735,C11050,156,219,180,87.8,69.45,6097.71,AAR00018,6050,6100,0,0,0,498,399,5,1,52,6050
736,C7040,466,18,270,43.5,139.45,6066.075,AAH00025,6050,6100,0,0,0,498,399,5,2,156,6050
737,C11055,360,293,180,89.1,68.25,6081.075,AAY00023,6050,6100,0,0,0,498,399,5,1,135,6050
738,C3167,203,26,90,55.5,110.2,6116.1,AAU00031,6100,6150,0,0,0,498,399,5,2,68,6100
739,C3160,76,123,180,55.1,111.45,6140.895,AAK00024,6100,6150,0,0,0,498,399,5,2,25,6100
740,C3167,231,42,90,55.5,110.2,6116.1,AAU00031,6100,6150,0,0,0,498,399,5,2,67,6100
741,R1108,371,275,90,71.1,85.8,6100.38,AAG00038,6100,6150,0,0,0,498,399,5,1,122,6100
742,R1108,244,38,90,71.1,85.8,6100.38,AAG00038,6100,6150,0,0,0,498,399,5,2,81,6100
743,C3167,65,353,90,55.5,110.2,6116.1,AAU00031,6100,6150,0,0,0,498,399,5,1,21,6100
744,C3160,71,356,180,55.1,111.45,6140.895,AAK00024,6100,6150,0,0,0,498,399,5,1,23,6100
745,R1108,183,134,90,71.1,85.8,6100.38,AAG00038,6100,6150,0,0,0,498,399,5,2,80,6100
746,C3167,239,324,90,55.5,110.2,6116.1,AAU00031,6100,6150,0,0,0,498,399,5,1,20,6100
747,C3146,367,373,0,49.3,125.75,6199.475,AAC00016,6150,6200,0,0,0,498,391,5,1,121,6150
748,C3146,455,278,0,49.3,125.75,6199.475,AAC00016,6150,6200,0,0,0,498,399,5,1,121,6150
749,C3146,60,148,0,49.3,125.75,6199.475,AAC00016,6150,6200,0,0,0,498,399,5,2,20,6150
750,C11051,212,170,180,89.1,69.05,6152.355,AAS00019,6150,6200,0,0,0,498,399,5,2,71,6150
751,C3112,116,137,270,54.65,112.75,6161.7875,AAP00026,6150,6200,0,0,0,498,399,5,2,38,6150
752,C7039,71,92,90,42.25,146.7,6198.075,AAG00024,6150,6200,0,0,0,498,399,5,2,23,6150
753,C11051,217,287,180,89.1,69.05,6152.355,AAS00019,6150,6200,0,0,0,498,399,5,1,72,6150
754,C3142,441,92,0,49.3,124.85,6155.105,AAY00033,6150,6200,0,0,0,498,399,5,2,147,6150
755,C3150,269,399,0,49.3,126.65,6243.845,AAG00020,6200,6250,0,0,0,498,399,5,1,90,6200
756,Q1002,377,156,0,73.525,84.55,6216.53875,AAF00033,6200,6250,0,0,0,498,399,5,2,126,6200
757,C11049,426,394,180,89.1,69.85,6223.635,AAP00017,6200,6250,0,0,0,498,399,5,1,142,6200
758,C3150,447,235,0,49.3,126.65,6243.845,AAG00020,6200,6250,0,0,0,498,399,5,1,89,6200
759,C3081,449,46,0,50.85,122.475,6227.85375,AAG00017,6200,6250,0,0,0,498,399,5,2,150,6200
760,C3082,213,315,0,52.45,119.1,6246.795,AAH00018,6200,6250,0,0,0,498,399,5,1,71,6200
761,C7053,224,320,180,43.275,144.75,6264.05625,AAU00035,6250,6300,0,0,0,498,399,5,1,75,6250
762,C3116,176,237,90,56.35,111.1,6260.485,AAV00030,6250,6300,0,0,0,498,399,5,1,59,6250
763,C3021,31,269,270,54.65,114.45,6254.6925,AAG00015,6250,6300,0,0,0,498,399,5,1,10,6250
764,C7053,57,138,180,43.275,144.75,6264.05625,AAU00035,6250,6300,0,0,0,498,399,5,2,19,6250
765,C3116,197,137,90,56.35,111.1,6260.485,AAV00030,6250,6300,0,0,0,498,399,5,2,66,6250
766,C9087,422,11,0,71.825,87.325,6272.118125,AAC00024,6250,6300,0,0,0,498,399,5,2,141,6250
767,C3135,16,102,90,55.55,112.75,6263.2625,AAN00026,6250,6300,0,0,0,498,399,5,2,5,6250
768,C3135,22,358,90,55.55,112.75,6263.2625,AAN00026,6250,6300,0,0,0,498,399,5,1,7,6250
769,C4000,35,162,0,63.275,99.1,6270.5525,AAE00019,6250,6300,0,0,0,498,399,5,2,11,6250
770,C11044,113,157,180,87.8,71.85,6308.43,AAJ00012,6300,6350,0,0,0,498,399,5,2,37,6300
771,Q9009,92,378,90,70.7,89.475,6325.8825,AAR00044,6300,6350,0,0,0,498,399,5,1,30,6300
772,Q9009,8,343,90,70.7,89.475,6325.8825,AAR00044,6300,6350,0,0,0,498,399,5,1,29,6300
773,C11044,221,46,180,87.8,71.85,6308.43,AAJ00012,6300,6350,0,0,0,498,399,5,2,36,6300
774,Q9009,226,323,90,70.7,89.475,6325.8825,AAR00044,6300,6350,0,0,0,498,399,5,1,29,6300
775,C3136,480,43,180,50.9,124.4,6331.96,AAP00027,6300,6350,0,0,0,498,399,5,2,160,6300
776,C3136,466,360,180,50.9,124.4,6331.96,AAP00027,6300,6350,0,0,0,498,399,5,1,156,6300
777,C3110,292,160,270,55.55,114.45,6357.6975,AAM00024,6350,6400,0,0,0,498,399,5,2,97,6350
778,C11041,494,200,180,87.8,72.65,6378.67,AAH00010,6350,6400,0,0,0,498,399,5,1,165,6350
779,C3110,259,216,270,55.55,114.45,6357.6975,AAM00024,6350,6400,0,0,0,498,399,5,1,86,6350
780,C4025,50,339,90,57.3,111.05,6363.165,AAH00023,6350,6400,0,0,0,498,399,5,1,16,6350
781,C3141,143,93,180,50.9,125.3,6377.77,AAX00032,6350,6400,0,0,0,498,399,5,2,47,6350
782,C4025,412,381,90,57.3,111.05,6363.165,AAH00023,6350,6400,0,0,0,498,399,5,1,15,6350
783,C1096,121,115,90,94.725,67.275,6372.624375,AAU00059,6350,6400,0,0,0,498,399,5,2,40,6350
784,C4025,462,13,90,57.3,111.05,6363.165,AAH00023,6350,6400,0,0,0,498,399,5,2,154,6350
785,C11041,290,92,180,87.8,72.65,6378.67,AAH00010,6350,6400,0,0,0,498,399,5,2,97,6350
786,C3141,324,233,180,50.9,125.3,6377.77,AAX00032,6350,6400,0,0,0,498,399,5,1,108,6350
787,C1096,300,250,90,94.725,67.275,6372.624375,AAU00059,6350,6400,0,0,0,498,399,5,1,100,6350
788,C11042,62,337,180,89.1,72.25,6437.475,AAI00011,6400,6450,0,0,0,498,399,5,1,20,6400
789,C3145,497,333,180,50.9,126.2,6423.58,AAB00015,6400,6450,0,0,0,498,399,5,1,166,6400
790,C3002,254,326,0,61,105.15,6414.15,AAK00018,6400,6450,0,0,0,498,399,5,1,85,6400
791,C11042,302,195,180,89.1,72.25,6437.475,AAI00011,6400,6450,0,0,0,498,399,5,2,101,6400
792,C3024,445,178,90,53.75,119.55,6425.8125,AAH00016,6400,6450,0,0,0,498,399,5,2,149,6400
793,C3002,211,257,0,61,105.15,6414.15,AAK00018,6400,6450,0,0,0,498,399,5,1,84,6400
794,C3145,81,85,180,50.9,126.2,6423.58,AAB00015,6400,6450,0,0,0,498,399,5,2,27,6400
795,C3024,366,15,90,53.75,119.55,6425.8125,AAH00016,6400,6450,0,0,0,498,399,5,2,148,6400
796,R9080,18,51,270,76.425,85.05,6499.94625,AAH00045,6450,6500,0,0,0,498,399,5,2,6,6450
797,C3130,129,245,270,55.55,116.15,6452.1325,AAI00021,6450,6500,0,0,0,498,399,5,1,43,6450
798,Q9007,453,220,270,63.9,101.675,6497.0325,AAN00042,6450,6500,0,0,0,498,399,5,1,151,6450
799,Q9007,28,301,270,63.9,101.675,6497.0325,AAN00042,6450,6500,0,0,0,498,399,5,1,150,6450
800,R9080,476,98,270,76.425,85.05,6499.94625,AAH00045,6450,6500,0,0,0,498,399,5,2,6,6450
801,Q9007,358,219,270,63.9,101.675,6497.0325,AAN00042,6450,6500,0,0,0,498,399,5,1,150,6450
802,Q9007,386,310,270,63.9,101.675,6497.0325,AAN00042,6450,6500,0,0,0,498,399,5,1,150,6450
803,R9075,231,128,270,73.225,88.125,6452.953125,AAE00042,6450,6500,0,0,0,498,399,5,2,77,6450
804,R9075,13,187,270,73.225,88.125,6452.953125,AAE00042,6450,6500,0,0,0,498,399,5,2,76,6450
805,C3020,351,130,90,55.55,117.85,6546.5675,AAF00014,6500,6550,0,0,0,351,130,5,1,167,6500
806,R9018,495,288,270,66.15,98.3,6502.545,AAM00049,6500,6550,0,0,0,498,399,5,1,163,6500
807,C11040,162,193,180,89.1,73.05,6508.755,AAG00009,6500,6550,0,0,0,498,399,5,2,54,6500
808,C3127,101,252,90,54.65,119.55,6533.4075,AAF00018,6500,6550,0,0,0,498,399,5,1,33,6500
809,C3020,126,120,90,55.55,117.85,6546.5675,AAF00014,6500,6550,0,0,0,498,399,5,2,42,6500
810,L7035,346,115,180,45.125,144.75,6531.84375,AAC00028,6500,6550,0,0,0,498,399,5,2,116,6500
811,C3098,458,372,90,58.2,112.7,6559.14,AAA00012,6550,6600,0,0,0,498,391,5,1,153,6550
812,C3098,145,287,90,58.2,112.7,6559.14,AAA00012,6550,6600,0,0,0,498,399,5,1,152,6550
813,C3072,237,173,270,56.4,116.15,6550.86,AAX00029,6550,6600,0,0,0,498,399,5,2,79,6550
814,R9019,266,37,180,65.75,99.7,6555.275,AAN00050,6550,6600,0,0,0,498,399,5,2,90,6550
815,C3098,217,288,90,58.2,112.7,6559.14,AAA00012,6550,6600,0,0,0,498,399,5,1,152,6550
816,C11038,351,112,180,89.1,73.85,6580.035,AAE00007,6550,6600,0,0,0,498,399,5,2,117,6550
817,C3008,425,147,0,61,108.15,6597.15,AAS00024,6550,6600,0,0,0,498,399,5,2,142,6550
818,R9074,446,52,270,73.225,90,6590.25,AAD00041,6550,6600,0,0,0,498,399,5,2,150,6550
819,C3098,23,220,90,58.2,112.7,6559.14,AAA00012,6550,6600,0,0,0,498,399,5,1,152,6550
820,R9079,491,187,0,76.025,86.5,6576.1625,AAG00044,6550,6600,0,0,0,498,399,5,2,164,6550
821,C3072,160,126,270,56.4,116.15,6550.86,AAX00029,6550,6600,0,0,0,498,399,5,2,78,6550
822,C3055,308,323,90,57.3,114.45,6557.985,AAI00018,6550,6600,0,0,0,498,399,5,1,103,6550
823,C3008,252,370,0,61,108.15,6597.15,AAS00024,6550,6600,0,0,0,498,399,5,1,84,6550
824,R9017,93,385,180,67.5,97.9,6608.25,AAL00048,6600,6650,0,0,0,498,399,5,1,31,6600
825,C3170,474,146,270,53.75,124.65,6699.9375,AAY00034,6650,6700,0,0,0,474,391,5,2,167,6650
826,C3123,42,169,270,59.1,112.75,6663.525,AAC00015,6650,6700,0,0,0,498,399,5,2,14,6650
827,C3074,155,241,270,52.8,126.35,6671.28,AAZ00031,6650,6700,0,0,0,498,399,5,1,51,6650
828,C3123,216,204,270,59.1,112.75,6663.525,AAC00015,6650,6700,0,0,0,498,399,5,1,72,6650
829,C3046,271,368,270,57.3,116.15,6655.395,AAB00011,6650,6700,0,0,0,498,399,5,1,90,6650
830,C3046,96,39,270,57.3,116.15,6655.395,AAB00011,6650,6700,0,0,0,498,399,5,2,32,6650
831,C3046,259,190,270,57.3,116.15,6655.395,AAB00011,6650,6700,0,0,0,498,399,5,2,31,6650
832,C3123,281,154,270,59.1,112.75,6663.525,AAC00015,6650,6700,0,0,0,498,399,5,2,13,6650
833,C3074,226,295,270,52.8,126.35,6671.28,AAZ00031,6650,6700,0,0,0,498,399,5,1,50,6650
834,C3074,498,237,270,52.8,126.35,6671.28,AAZ00031,6650,6700,0,0,0,498,399,5,1,50,6650
835,C3046,465,214,270,57.3,116.15,6655.395,AAB00011,6650,6700,0,0,0,498,399,5,1,90,6650
836,C3029,397,292,270,56.4,119.55,6742.62,AAL00020,6700,6750,0,0,0,498,399,5,1,133,6700
837,C3109,275,58,180,52.5,127.65,6701.625,AAL00023,6700,6750,0,0,0,498,399,5,2,92,6700
838,R9000,488,111,90,63.8,105.775,6748.445,AAG00043,6700,6750,0,0,0,498,399,5,2,163,6700
839,R9000,449,9,90,63.8,105.775,6748.445,AAG00043,6700,6750,0,0,0,498,399,5,2,162,6700
840,R9000,361,377,90,63.8,105.775,6748.445,AAG00043,6700,6750,0,0,0,498,399,5,1,119,6700
841,R9000,134,308,90,63.8,105.775,6748.445,AAG00043,6700,6750,0,0,0,498,399,5,1,119,6700
842,R9000,452,354,90,63.8,105.775,6748.445,AAG00043,6700,6750,0,0,0,498,399,5,1,119,6700
843,C3036,468,94,270,57.3,117.85,6752.805,AAU00026,6750,6800,0,0,0,474,391,5,2,164,6750
844,C3077,123,12,90,59.1,114.45,6763.995,AAC00013,6750,6800,0,0,0,498,399,5,2,41,6750
845,C3079,385,285,270,53.75,126.35,6791.3125,AAE00015,6750,6800,0,0,0,498,399,5,1,129,6750
846,C3108,311,72,90,55.55,123.05,6835.4275,AAK00022,6800,6850,0,0,0,498,399,5,2,104,6800
847,C3102,478,35,270,54.65,124.65,6812.1225,AAE00016,6800,6850,0,0,0,498,399,5,2,160,6800
848,C3102,128,280,270,54.65,124.65,6812.1225,AAE00016,6800,6850,0,0,0,498,399,5,1,42,6800
849,C3102,9,238,270,54.65,124.65,6812.1225,AAE00016,6800,6850,0,0,0,498,399,5,1,41,6800
850,C3026,120,22,270,57.3,119.45,6844.485,AAJ00018,6800,6850,0,0,0,498,399,5,2,42,6800
851,C3102,496,385,270,54.65,124.65,6812.1225,AAE00016,6800,6850,0,0,0,498,399,5,1,41,6800
852,C9004,1,267,270,64.8,105.775,6854.22,AAE00025,6850,6900,0,0,0,498,399,5,1,1,6850
853,C3035,289,143,270,58.2,117.85,6858.87,AAS00025,6850,6900,0,0,0,498,399,5,2,96,6850
854,C3121,195,2,270,60.9,112.75,6866.475,AAB00014,6850,6900,0,0,0,498,399,5,2,65,6850
855,C3169,242,238,270,55.55,124.65,6924.3075,AAX00033,6900,6950,0,0,0,498,399,5,1,81,6900
856,C3030,134,326,270,57.3,121.25,6947.625,AAM00021,6900,6950,0,0,0,498,399,5,1,44,6900
857,C9081,173,391,90,75.4,92,6936.8,AAY00041,6900,6950,0,0,0,498,399,5,1,58,6900
858,C9008,185,183,0,71.3,98.15,6998.095,AAH00028,6950,7000,0,0,0,498,399,5,2,62,6950
859,C3017,242,66,90,59.1,117.85,6964.935,AAD00012,6950,7000,0,0,0,498,399,5,2,81,6950
860,C3025,86,395,270,58.2,119.55,6957.81,AAI00017,6950,7000,0,0,0,498,399,5,1,28,6950
861,R9001,157,90,90,65.8,105.8,6961.64,AAH00044,6950,7000,0,0,0,498,399,5,2,52,6950
862,C9008,355,184,0,71.3,98.15,6998.095,AAH00028,6950,7000,0,0,0,498,399,5,2,61,6950
863,C3017,490,92,90,59.1,117.85,6964.935,AAD00012,6950,7000,0,0,0,498,399,6,2,187,6950
864,C3017,154,74,90,59.1,117.85,6964.935,AAD00012,6950,7000,0,0,0,498,399,6,2,186,6950
865,C3166,422,271,90,55.55,126.35,7018.7425,AAS00030,7000,7050,0,0,0,498,399,6,1,161,7000
866,C3065,269,74,90,57.3,122.95,7045.035,AAP00024,7000,7050,0,0,0,498,399,6,2,103,7000
867,R9073,30,220,270,76.4,92,7028.8,AAC00040,7000,7050,0,0,0,498,399,6,1,11,7000
868,C3039,175,360,270,58.2,121.25,7056.75,AAX00028,7050,7100,0,0,0,498,399,6,1,67,7050
869,C3119,46,219,0,55.225,128.125,7075.703125,AAZ00033,7050,7100,0,0,0,498,399,6,1,17,7050
870,C3049,216,297,90,61.8,114.45,7073.01,AAD00013,7050,7100,0,0,0,498,399,6,1,82,7050
871,C10059,166,138,90,49.3,144.7,7133.71,AAJ00010,7100,7150,0,0,0,498,399,6,2,63,7100
872,C3003,376,69,270,56.45,126.35,7132.4575,AAL00019,7100,7150,0,0,0,498,399,6,2,144,7100
873,Q9008,111,332,0,75.2,94.9,7136.48,AAP00043,7100,7150,0,0,0,498,399,6,1,42,7100
874,Q9008,311,132,0,75.2,94.9,7136.48,AAP00043,7100,7150,0,0,0,498,399,6,2,119,7100
875,C3073,433,252,270,52.65,135.65,7141.9725,AAY00030,7100,7150,0,0,0,498,399,6,1,166,7100
876,C3011,251,267,0,57.9,124.15,7188.285,AAX00027,7150,7200,0,0,0,498,399,6,1,96,7150
877,C3087,385,363,90,63.6,112.55,7158.18,AAM00023,7150,7200,0,0,0,498,399,6,1,147,7150
878,C3151,128,331,270,58.2,122.95,7155.69,AAH00021,7150,7200,0,0,0,498,399,6,1,49,7150
879,C3047,456,4,90,60.9,117.85,7177.065,AAC00012,7150,7200,0,0,0,498,399,6,2,174,7150
880,C3087,218,141,90,63.6,112.55,7158.18,AAM00023,7150,7200,0,0,0,498,399,6,2,83,7150
881,C4011,153,372,180,51.15,140.6,7191.69,AAR00030,7150,7200,0,0,0,498,399,6,1,58,7150
882,C10060,20,107,0,51,141.825,7233.075,AAK00011,7200,7250,0,0,0,351,371,6,2,10,7200
883,C3103,355,129,180,57.9,125.05,7240.395,AAF00017,7200,7250,0,0,0,498,399,6,2,136,7200
884,C3103,192,27,180,57.9,125.05,7240.395,AAF00017,7200,7250,0,0,0,498,399,6,2,135,7200
885,C10060,331,105,0,51,141.825,7233.075,AAK00011,7200,7250,0,0,0,498,399,6,2,9,7200
886,C3103,188,185,180,57.9,125.05,7240.395,AAF00017,7200,7250,0,0,0,498,399,6,2,135,7200
887,C10060,33,99,0,51,141.825,7233.075,AAK00011,7200,7250,0,0,0,498,399,6,2,9,7200
888,C3140,4,313,270,57.35,126.35,7246.1725,AAV00031,7200,7250,0,0,0,498,399,6,1,1,7200
889,C3140,20,291,270,57.35,126.35,7246.1725,AAV00031,7200,7250,0,0,0,498,399,6,1,0,7200
890,C3140,319,266,270,57.35,126.35,7246.1725,AAV00031,7200,7250,0,0,0,498,399,6,1,0,7200
891,C3085,479,143,0,53.95,134.4,7250.88,AAK00021,7250,7300,0,0,0,498,399,6,2,183,7250
892,C3027,161,177,90,60.45,120.175,7264.57875,AAK00019,7250,7300,0,0,0,498,399,6,2,61,7250
893,C3052,285,144,90,61.8,117.85,7283.13,AAG00016,7250,7300,0,0,0,498,399,6,2,109,7250
894,C3009,281,264,90,63.6,114.45,7279.02,AAU00025,7250,7300,0,0,0,498,399,6,1,107,7250
895,C3052,69,81,90,61.8,117.85,7283.13,AAG00016,7250,7300,0,0,0,498,399,6,2,108,7250
896,R9076,300,240,90,74.2,97.9,7264.18,AAF00043,7250,7300,0,0,0,498,399,6,1,115,7250
897,C3027,106,193,90,60.45,120.175,7264.57875,AAK00019,7250,7300,0,0,0,498,399,6,2,60,7250
898,C9003,69,393,90,71.65,102.55,7347.7075,AAD00024,7300,7350,0,0,0,498,399,6,1,26,7300
899,C9003,453,89,90,71.65,102.55,7347.7075,AAD00024,7300,7350,0,0,0,498,399,6,2,173,7300
900,C3131,473,308,270,61.8,119.55,7388.19,AAJ00022,7350,7400,0,0,0,498,399,6,1,181,7350
901,C3131,272,199,270,61.8,119.55,7388.19,AAJ00022,7350,7400,0,0,0,498,399,6,2,104,7350
902,R9072,302,232,180,67.925,108.35,7359.67375,AAB00039,7350,7400,0,0,0,498,399,6,1,115,7350
903,R9072,164,227,180,67.925,108.35,7359.67375,AAB00039,7350,7400,0,0,0,498,399,6,1,115,7350
904,C3094,314,194,90,59.15,124.65,7373.0475,AAX00030,7350,7400,0,0,0,498,399,6,2,120,7350
905,R9072,282,367,180,67.925,108.35,7359.67375,AAB00039,7350,7400,0,0,0,498,399,6,1,115,7350
906,C3094,494,165,90,59.15,124.65,7373.0475,AAX00030,7350,7400,0,0,0,498,399,6,2,119,7350
907,C3131,34,145,270,61.8,119.55,7388.19,AAJ00022,7350,7400,0,0,0,498,399,6,2,103,7350
908,C3104,372,185,180,63.1,117.4,7407.94,AAG00018,7400,7450,0,0,0,498,399,6,2,142,7400
909,C3104,428,110,180,63.1,117.4,7407.94,AAG00018,7400,7450,0,0,0,498,399,6,2,141,7400
910,C3005,287,378,180,63.1,118.25,7461.575,AAN00021,7450,7500,0,0,0,498,399,6,1,110,7450
911,C3005,296,248,180,63.1,118.25,7461.575,AAN00021,7450,7500,0,0,0,498,399,6,1,109,7450
912,C3037,154,224,90,61.8,121.25,7493.25,AAV00027,7450,7500,0,0,0,498,399,6,1,59,7450
913,C3005,86,394,180,63.1,118.25,7461.575,AAN00021,7450,7500,0,0,0,498,399,6,1,109,7450
914,C9083,332,256,180,71.5,104.7,7486.05,AAA00022,7450,7500,0,0,0,498,399,6,1,127,7450
915,C3056,313,21,90,62.7,119.55,7495.785,AAJ00019,7450,7500,0,0,0,498,399,6,2,120,7450
916,C4022,11,80,0,56,134.4,7526.4,AAE00020,7500,7550,0,0,0,498,399,6,2,4,7500
917,R9024,129,12,180,70.55,106.925,7543.55875,AAR00052,7500,7550,0,0,0,498,399,6,2,49,7500
918,C3083,88,169,180,54.55,138.05,7530.6275,AAI00019,7500,7550,0,0,0,498,399,6,2,33,7500
919,R5026,133,266,180,65,115.725,7522.125,AAV00054,7500,7550,0,0,0,498,399,6,1,51,7500
920,R9024,95,204,180,70.55,106.925,7543.55875,AAR00052,7500,7550,0,0,0,498,399,6,1,36,7500
921,C3173,150,186,90,67.175,112.45,7553.82875,AAB00016,7550,7600,0,0,0,498,399,6,2,57,7550
922,R9013,341,319,180,71.5,105.7,7557.55,AAJ00046,7550,7600,0,0,0,498,399,6,1,130,7550
923,C3152,250,376,180,65,116.725,7587.125,AAI00022,7550,7600,0,0,0,498,399,6,1,95,7550
924,C9075,174,153,180,70.55,108.35,7644.0925,AAX00040,7600,7650,0,0,0,498,399,6,2,66,7600
925,C3138,203,90,180,62.3,122.5,7631.75,AAS00029,7600,7650,0,0,0,498,399,6,2,77,7600
926,C9075,324,160,180,70.55,108.35,7644.0925,AAX00040,7600,7650,0,0,0,498,399,6,2,65,7600
927,C3006,258,146,180,64.9,118.25,7674.425,AAP00022,7650,7700,0,0,0,498,399,6,2,98,7650
928,C3129,146,395,180,62.3,123.35,7684.705,AAH00020,7650,7700,0,0,0,498,399,6,1,55,7650
929,C3006,277,219,180,64.9,118.25,7674.425,AAP00022,7650,7700,0,0,0,498,399,6,1,106,7650
930,C3088,451,87,90,56.45,136.45,7702.6025,AAN00024,7700,7750,0,0,0,498,399,6,2,172,7700
931,R9023,202,271,180,72.35,106.925,7736.02375,AAP00051,7700,7750,0,0,0,498,399,6,1,77,7700
932,C3165,125,125,90,61.9,124.65,7715.835,AAR00029,7700,7750,0,0,0,498,399,6,2,47,7700
933,C3088,265,332,90,56.45,136.45,7702.6025,AAN00024,7700,7750,0,0,0,498,399,6,1,101,7700
934,C4014,419,256,180,54.5,141.85,7730.825,AAV00033,7700,7750,0,0,0,498,399,6,1,160,7700
935,C3088,379,7,90,56.45,136.45,7702.6025,AAN00024,7700,7750,0,0,0,498,399,6,2,171,7700
936,C3016,239,211,270,60.1,129.7,7794.97,AAC00011,7750,7800,0,0,0,498,399,6,1,91,7750
937,C3174,485,65,180,61.55,126.35,7776.8425,AAC00017,7750,7800,0,0,0,498,399,6,2,186,7750
938,C3128,147,163,270,62.8,124.65,7828.02,AAG00019,7800,7850,0,0,0,351,268,6,1,79,7800
939,C5000,357,390,270,63.6,123.025,7824.39,AAP00030,7800,7850,0,0,0,498,399,6,1,136,7800
940,R15039,375,69,180,89.4,87.3,7804.62,AAF00041,7800,7850,0,0,0,498,399,6,2,143,7800
941,R15039,209,193,180,89.4,87.3,7804.62,AAF00041,7800,7850,0,0,0,498,399,6,2,142,7800
942,C5000,422,373,270,63.6,123.025,7824.39,AAP00030,7800,7850,0,0,0,498,399,6,1,135,7800
943,R15039,252,388,180,89.4,87.3,7804.62,AAF00041,7800,7850,0,0,0,498,399,6,1,96,7800
944,C3128,312,96,270,62.8,124.65,7828.02,AAG00019,7800,7850,0,0,0,498,399,6,2,117,7800
945,C5000,78,26,270,63.6,123.025,7824.39,AAP00030,7800,7850,0,0,0,498,399,6,2,29,7800
946,R15039,260,21,180,89.4,87.3,7804.62,AAF00041,7800,7850,0,0,0,498,399,6,2,142,7800
947,C5010,415,389,180,69.15,114,7883.1,AAS00032,7850,7900,0,0,0,498,399,6,1,159,7850
948,C3075,337,330,270,54.95,143.25,7871.5875,AAA00011,7850,7900,0,0,0,498,399,6,1,129,7850
949,C3075,397,355,270,54.95,143.25,7871.5875,AAA00011,7850,7900,0,0,0,498,399,6,1,128,7850
950,C5010,478,16,180,69.15,114,7883.1,AAS00032,7850,7900,0,0,0,498,399,6,2,183,7850
951,TH15000,268,266,180,89.4,88.3,7894.02,AAI00046,7850,7900,0,0,0,498,399,6,1,102,7850
952,C3093,169,93,90,57.95,136.45,7907.2775,AAV00029,7900,7950,0,0,0,498,399,6,2,64,7900
953,C3133,267,78,90,64.975,122.2,7939.945,AAL00024,7900,7950,0,0,0,498,399,6,2,102,7900
954,C5012,333,373,180,68.85,115.3,7938.405,AAV00034,7900,7950,0,0,0,498,399,6,1,127,7900
955,C4002,107,5,270,56.2,142.725,8021.145,AAG00021,8000,8050,0,0,0,474,391,6,2,43,8000
956,C4018,368,286,180,55.6,144.7,8045.32,AAA00016,8000,8050,0,0,0,498,399,6,1,141,8000
957,C4007,456,208,270,57.55,139.8,8045.49,AAL00026,8000,8050,0,0,0,498,399,6,1,174,8000
958,C4007,300,136,270,57.55,139.8,8045.49,AAL00026,8000,8050,0,0,0,498,399,6,2,115,8000
959,R5001,307,334,0,62.9,127.8,8038.62,AAR00051,8000,8050,0,0,0,498,399,6,1,117,8000
960,R10069,466,307,90,55.1,146.3,8061.13,AAB00031,8050,8100,0,0,0,498,399,6,1,178,8050
961,R5028,172,353,0,68.85,117.25,8072.6625,AAX00055,8050,8100,0,0,0,498,399,6,1,65,8050
962,R10069,414,119,90,55.1,146.3,8061.13,AAB00031,8050,8100,0,0,0,498,399,6,2,158,8050
963,C9021,414,395,0,75.425,107.5,8108.1875,AAJ00030,8100,8150,0,0,0,498,399,6,1,158,8100
964,C3015,407,9,90,67.7,120,8124,AAB00010,8100,8150,0,0,0,498,399,6,2,156,8100
965,C3015,332,263,90,67.7,120,8124,AAB00010,8100,8150,0,0,0,498,399,6,1,125,8100
966,R14020,324,48,90,54.05,151.3,8177.765,AAD00039,8150,8200,0,0,0,498,399,6,2,124,8150
967,C4005,433,277,270,57.7,142.725,8235.2325,AAJ00024,8200,8250,0,0,0,498,391,6,1,166,8200
968,C4005,279,188,270,57.7,142.725,8235.2325,AAJ00024,8200,8250,0,0,0,498,399,6,2,107,8200
969,C4005,389,289,270,57.7,142.725,8235.2325,AAJ00024,8200,8250,0,0,0,498,399,6,1,166,8200
970,C4005,158,398,270,57.7,142.725,8235.2325,AAJ00024,8200,8250,0,0,0,498,399,6,1,166,8200
971,C4026,265,300,0,60.55,136.85,8286.2675,AAI00024,8250,8300,0,0,0,498,399,6,1,99,8250
972,R2015,349,161,180,81.1,103.3,8377.63,AAK00046,8350,8400,0,0,0,498,399,6,2,133,8350
973,C9022,217,334,0,75.45,110.775,8357.97375,AAK00031,8350,8400,0,0,0,498,399,6,1,83,8350
974,C9022,404,384,0,75.45,110.775,8357.97375,AAK00031,8350,8400,0,0,0,498,399,6,1,82,8350
975,C4008,380,279,180,60.55,138.85,8407.3675,AAM00027,8400,8450,0,0,0,498,399,6,1,145,8400
976,C4010,99,150,180,59.875,140.4,8406.45,AAP00029,8400,8450,0,0,0,498,399,6,2,37,8400
977,C4001,43,231,270,59.2,142.725,8449.32,AAF00020,8400,8450,0,0,0,498,399,6,1,16,8400
978,C3010,14,363,270,67.7,124.55,8432.035,AAV00026,8400,8450,0,0,0,498,399,6,1,5,8400
979,C2013,317,222,180,80.5,104.75,8432.375,AAD00010,8400,8450,0,0,0,498,399,6,1,121,8400
980,C3078,488,264,0,62.35,136.85,8532.5975,AAD00014,8500,8550,0,0,0,498,399,6,1,187,8500
981,C3078,48,265,0,62.35,136.85,8532.5975,AAD00014,8500,8550,0,0,0,498,399,6,1,186,8500
982,C9023,339,278,0,75.4,114,8595.6,AAL00032,8550,8600,0,0,0,498,399,6,1,130,8550
983,C9023,152,262,0,75.4,114,8595.6,AAL00032,8550,8600,0,0,0,498,399,6,1,130,8550
984,C3004,236,398,0,62.35,137.85,8594.9475,AAM00020,8550,8600,0,0,0,498,399,6,1,90,8550
985,C2048,165,194,0,80.5,106.5,8573.25,AAZ00028,8550,8600,0,0,0,498,399,6,2,61,8550
986,C3004,241,69,0,62.35,137.85,8594.9475,AAM00020,8550,8600,0,0,0,498,399,6,2,92,8550
987,C3004,181,271,0,62.35,137.85,8594.9475,AAM00020,8550,8600,0,0,0,498,399,6,1,89,8550
988,R1112,38,327,90,59.25,145.875,8643.09375,AAK00042,8600,8650,0,0,0,498,399,6,1,14,8600
989,C2049,459,22,0,79.6,108.25,8616.7,AAA00008,8600,8650,0,0,0,498,399,6,2,176,8600
990,C4028,201,234,90,62.275,139.275,8673.350625,AAK00026,8650,8700,0,0,0,498,399,6,1,77,8650
991,C4017,54,390,270,60.7,142.7,8661.89,AAZ00036,8650,8700,0,0,0,498,399,6,1,20,8650
992,C9024,133,355,180,75.75,116.125,8796.46875,AAM00033,8750,8800,0,0,0,498,399,6,1,51,8750
993,D9002,130,110,90,73.85,119.85,8850.9225,AAU00039,8850,8900,0,0,0,474,391,6,2,52,8850
994,C2023,392,276,0,80.425,110.325,8872.888125,AAH00014,8850,8900,0,0,0,498,399,6,1,150,8850
995,C2023,450,298,0,80.425,110.325,8872.888125,AAH00014,8850,8900,0,0,0,498,399,6,1,149,8850
996,D9002,425,354,90,73.85,119.85,8850.9225,AAU00039,8850,8900,0,0,0,498,399,6,1,163,8850
997,R4001,474,185,90,63.5,139.725,8872.5375,AAM00048,8850,8900,0,0,0,498,399,6,2,181,8850
998,R1110,465,380,90,62.275,143.025,8906.881875,AAI00040,8900,8950,0,0,0,498,399,6,1,178,8900
999,C2024,73,102,0,80.425,112.875,9077.971875,AAI00015,9050,9100,0,0,0,474,391,6,2,29,9050
1000,C2024,119,220,0,80.425,112.875,9077.971875,AAI00015,9050,9100,0,0,0,498,399,6,1,45,9050
1001,C2024,96,85,0,80.425,112.875,9077.971875,AAI00015,9050,9100,0,0,0,498,399,6,2,29,9050
1002,C2024,68,301,0,80.425,112.875,9077.971875,AAI00015,9050,9100,0,0,0,498,399,6,1,44,9050
1003,C2024,125,224,0,80.425,112.875,9077.971875,AAI00015,9050,9100,0,0,0,498,399,6,1,44,9050
1004,R1113,153,203,270,61.55,148.3,9127.865,AAL00043,9100,9150,0,0,0,498,399,6,1,56,9100
1005,C2058,345,399,270,83.55,109.75,9169.6125,AAF00013,9150,9200,0,0,0,498,399,6,1,132,9150
1006,C2029,6,7,90,87.2,105.65,9212.68,AAK00017,9200,9250,0,0,0,498,399,6,2,2,9200
1007,C2029,95,307,90,87.2,105.65,9212.68,AAK00017,9200,9250,0,0,0,498,399,6,1,36,9200
1008,Q1007,113,82,270,64.825,142.85,9260.25125,AAI00036,9250,9300,0,0,0,498,399,6,2,43,9250
1009,Q1007,245,270,270,64.825,142.85,9260.25125,AAI00036,9250,9300,0,0,0,498,399,6,1,93,9250
1010,Q1007,329,116,270,64.825,142.85,9260.25125,AAI00036,9250,9300,0,0,0,498,399,6,2,43,9250
1011,R9016,129,156,270,76.85,120.45,9256.5825,AAK00047,9250,9300,0,0,0,498,399,6,2,49,9250
1012,C2052,208,42,180,81.6,114.65,9355.44,AAB00009,9350,9400,0,0,0,498,399,6,2,79,9350
1013,L9001,46,196,0,70.95,132.4,9393.78,AAB00029,9350,9400,0,0,0,498,399,6,2,17,9350
1014,Q9002,88,345,90,74.95,125.1,9376.245,AAK00039,9350,9400,0,0,0,498,399,6,1,33,9350
1015,L9001,334,167,0,70.95,132.4,9393.78,AAB00029,9350,9400,0,0,0,498,399,6,2,16,9350
1016,R1075,20,124,270,64.55,146.1,9430.755,AAI00039,9400,9450,0,0,0,498,399,6,2,7,9400
1017,R2011,260,332,180,90,104.75,9427.5,AAJ00045,9400,9450,0,0,0,498,399,6,1,99,9400
1018,R1075,78,27,270,64.55,146.1,9430.755,AAI00039,9400,9450,0,0,0,498,399,6,2,6,9400
1019,C2057,145,105,0,86.65,109.5,9488.175,AAE00012,9450,9500,0,0,0,498,399,6,2,55,9450
1020,C2047,104,194,270,81.55,116.85,9529.1175,AAY00027,9500,9550,0,0,0,498,399,6,2,39,9500
1021,C2039,100,117,0,87.45,108.65,9501.4425,AAR00022,9500,9550,0,0,0,498,399,6,2,38,9500
1022,C2047,58,332,270,81.55,116.85,9529.1175,AAY00027,9500,9550,0,0,0,498,399,6,1,22,9500
1023,C2039,402,206,0,87.45,108.65,9501.4425,AAR00022,9500,9550,0,0,0,498,399,6,1,154,9500
1024,C2039,440,51,0,87.45,108.65,9501.4425,AAR00022,9500,9550,0,0,0,498,399,6,2,37,9500
1025,C2056,130,156,0,86.65,110.5,9574.825,AAD00011,9550,9600,0,0,0,498,399,6,2,47,9550
1026,C2056,305,117,0,86.65,110.5,9574.825,AAD00011,9550,9600,0,0,0,498,399,6,2,47,9550
1027,C2014,28,376,90,85.4,112.05,9569.07,AAE00011,9550,9600,0,0,0,498,399,6,1,10,9550
1028,C2015,194,307,0,83.85,114.6,9609.21,AAF00012,9600,9650,0,0,0,351,391,6,1,105,9600
1029,C2015,413,326,0,83.85,114.6,9609.21,AAF00012,9600,9650,0,0,0,498,391,6,1,104,9600
1030,R1068,219,234,0,67.85,141.65,9610.9525,AAF00036,9600,9650,0,0,0,498,399,6,1,83,9600
1031,C2041,220,364,180,83.3,116.15,9675.295,AAU00024,9650,9700,0,0,0,498,399,6,1,84,9650
1032,C2041,107,184,180,83.3,116.15,9675.295,AAU00024,9650,9700,0,0,0,498,399,6,2,41,9650
1033,C2041,182,181,180,83.3,116.15,9675.295,AAU00024,9650,9700,0,0,0,498,399,6,2,40,9650
1034,C9002,277,142,270,69.75,140.2,9778.95,AAC00023,9750,9800,0,0,0,498,399,6,2,106,9800
1035,C1026,318,46,90,66.25,148.35,9828.1875,AAA00002,9800,9850,0,0,0,498,399,6,2,121,9800
1036,C2037,15,306,0,87.45,112.4,9829.38,AAP00021,9800,9850,0,0,0,498,399,6,1,5,9800
1037,C2040,84,304,0,87.45,113.25,9903.7125,AAS00023,9900,9950,0,0,0,498,391,6,1,32,9900
1038,Q2001,466,391,180,82.5,120.6,9949.5,AAJ00038,9900,9950,0,0,0,498,399,6,1,176,9900
1039,C2040,357,105,0,87.45,113.25,9903.7125,AAS00023,9900,9950,0,0,0,498,399,6,2,136,9900
1040,C2012,115,175,180,89.05,111.25,9906.8125,AAC00009,9900,9950,0,0,0,498,399,6,2,44,9900
1041,C2033,259,85,180,90.8,109.6,9951.68,AAL00018,9950,10000,0,0,0,498,399,6,2,99,9950
1042,C2033,408,182,180,90.8,109.6,9951.68,AAL00018,9950,10000,0,0,0,498,399,6,2,98,9950
1043,C2033,54,298,180,90.8,109.6,9951.68,AAL00018,9950,10000,0,0,0,498,399,6,1,20,9950
1044,C2033,349,64,180,90.8,109.6,9951.68,AAL00018,9950,10000,0,0,0,498,399,6,2,98,9950
1045,C2044,408,289,180,90.8,110.45,10028.86,AAX00026,10000,10050,0,0,0,498,391,6,1,156,10000
1046,C9000,437,399,270,71.55,140.2,10031.31,AAB00022,10000,10050,0,0,0,498,399,6,1,167,10000
1047,C2059,300,315,180,90.8,111.3,10106.04,AAG00014,10100,10150,0,0,0,498,399,6,1,113,10100
1048,C2059,186,257,180,90.8,111.3,10106.04,AAG00014,10100,10150,0,0,0,498,399,6,1,113,10100
1049,C2059,156,6,180,90.8,111.3,10106.04,AAG00014,10100,10150,0,0,0,498,399,6,2,59,10100
1050,C2036,34,26,270,92,110.35,10152.2,AAN00020,10150,10200,0,0,0,498,399,6,2,13,10150
1051,C2036,201,229,270,92,110.35,10152.2,AAN00020,10150,10200,0,0,0,498,399,6,1,75,10150
1052,C2006,67,126,90,85.5,119.75,10238.625,AAZ00027,10200,10250,0,0,0,498,399,6,2,25,10200
1053,C9010,10,24,270,73.35,140.2,10283.67,AAI00029,10250,10300,0,0,0,498,399,6,2,3,10250
1054,C2000,149,229,180,87.175,118.575,10336.775625,AAX00025,10300,10350,0,0,0,351,391,6,1,81,10300
1055,C2000,424,331,180,87.175,118.575,10336.775625,AAX00025,10300,10350,0,0,0,498,399,6,1,80,10300
1056,C2000,41,327,180,87.175,118.575,10336.775625,AAX00025,10300,10350,0,0,0,498,399,6,1,80,10300
1057,C2007,32,281,270,91.4,113.4,10364.76,AAA00007,10350,10400,0,0,0,498,399,6,1,12,10350
1058,C2005,482,393,180,84.65,123.5,10454.275,AAY00026,10450,10500,0,0,0,498,399,6,1,184,10450
1059,C2025,363,305,180,89.6,116.8,10465.28,AAJ00016,10450,10500,0,0,0,498,399,6,1,139,10450
1060,R10028,478,217,180,86.55,123.5,10688.925,AAY00049,10650,10700,0,0,0,498,399,6,1,183,10650
1061,Q1013,59,189,180,76.3,139.8,10666.74,AAM00040,10650,10700,0,0,0,498,399,6,2,22,10650
1062,CN1000,115,5,180,83.7,129.4,10830.78,AAH00029,10800,10850,0,0,0,498,399,6,2,45,10800
